------------------------------,--------------------
www.electricblue.eu, Portugal
------------------------------,--------------------
Mesocosm version,V2.04
------------------------------,--------------------
Role,Master
ID,1
------------------------------,--------------------
Day,Time,Relays state,Target,TMH_0,TMH_1,TMH_2,TSH1_0,TSH1_1,TSH1_2,TV1_0,TV1_1,TV1_2 
10/01/2025,0:0:55,1,25.92,6.75,6.62,6.87,6.81,6.50,7.12,24.37,24.00,24.75
10/01/2025,0:1:55,1,25.80,6.75,6.62,6.87,6.81,6.50,7.12,24.25,23.75,24.75
10/01/2025,0:2:55,1,25.86,6.75,6.62,6.87,6.81,6.50,7.12,24.31,23.87,24.75
10/01/2025,0:3:55,1,25.98,6.75,6.62,6.87,6.87,6.62,7.12,24.43,24.00,24.87
10/01/2025,0:4:55,1,25.92,6.75,6.62,6.87,6.81,6.50,7.12,24.37,24.00,24.75
10/01/2025,0:5:55,1,25.92,6.75,6.62,6.87,6.81,6.50,7.12,24.37,23.87,24.87
10/01/2025,0:6:55,1,25.98,6.75,6.62,6.87,6.87,6.62,7.12,24.43,24.00,24.87
10/01/2025,0:7:55,1,26.05,6.75,6.62,6.87,6.87,6.62,7.12,24.50,24.12,24.87
10/01/2025,0:8:55,1,26.05,6.75,6.62,6.87,6.87,6.62,7.12,24.50,24.12,24.87
10/01/2025,0:9:55,1,26.05,6.75,6.62,6.87,6.87,6.62,7.12,24.50,24.12,24.87
10/01/2025,0:10:55,1,25.98,6.75,6.62,6.87,6.87,6.62,7.12,24.43,24.00,24.87
10/01/2025,0:11:55,1,26.11,6.81,6.75,6.87,6.87,6.62,7.12,24.56,24.12,25.00
10/01/2025,0:12:55,1,26.05,6.75,6.62,6.87,6.81,6.50,7.12,24.50,24.00,25.00
10/01/2025,0:13:55,1,26.17,6.75,6.62,6.87,6.87,6.62,7.12,24.62,24.25,25.00
10/01/2025,0:14:55,1,26.05,6.75,6.62,6.87,6.87,6.62,7.12,24.50,24.00,25.00
10/01/2025,0:15:55,1,26.11,6.75,6.62,6.87,6.87,6.62,7.12,24.56,24.12,25.00
10/01/2025,0:16:55,1,26.17,6.75,6.62,6.87,6.87,6.62,7.12,24.62,24.25,25.00
10/01/2025,0:17:55,1,26.05,6.75,6.62,6.87,6.81,6.50,7.12,24.50,24.00,25.00
10/01/2025,0:18:55,1,26.11,6.75,6.62,6.87,6.87,6.62,7.12,24.56,24.12,25.00
10/01/2025,0:19:55,1,25.98,6.75,6.62,6.87,6.87,6.62,7.12,24.43,24.00,24.87
10/01/2025,0:20:55,1,26.11,6.75,6.62,6.87,6.87,6.62,7.12,24.56,24.12,25.00
10/01/2025,0:21:55,1,26.11,6.75,6.62,6.87,6.87,6.62,7.12,24.56,24.25,24.87
10/01/2025,0:22:55,1,26.05,6.75,6.62,6.87,6.87,6.62,7.12,24.50,24.12,24.87
10/01/2025,0:23:55,1,26.11,6.75,6.62,6.87,6.87,6.62,7.12,24.56,24.25,24.87
10/01/2025,0:24:55,1,25.98,6.75,6.62,6.87,6.87,6.62,7.12,24.43,24.00,24.87
10/01/2025,0:25:55,1,25.86,6.81,6.75,6.87,6.87,6.62,7.12,24.31,23.87,24.75
10/01/2025,0:26:55,1,25.98,6.75,6.62,6.87,6.87,6.62,7.12,24.43,24.00,24.87
10/01/2025,0:27:55,1,25.92,6.75,6.62,6.87,6.87,6.62,7.12,24.37,23.87,24.87
10/01/2025,0:28:55,1,25.98,6.75,6.62,6.87,6.81,6.50,7.12,24.43,24.12,24.75
10/01/2025,0:29:55,1,26.05,6.75,6.62,6.87,6.87,6.62,7.12,24.50,24.12,24.87
10/01/2025,0:30:55,1,25.98,6.81,6.75,6.87,6.87,6.62,7.12,24.43,24.00,24.87
10/01/2025,0:31:55,1,25.92,6.75,6.62,6.87,6.87,6.62,7.12,24.37,23.87,24.87
10/01/2025,0:32:55,1,26.05,6.75,6.62,6.87,6.87,6.62,7.12,24.50,24.12,24.87
10/01/2025,0:33:55,1,26.05,6.75,6.62,6.87,6.81,6.50,7.12,24.50,24.12,24.87
10/01/2025,0:34:55,1,25.92,6.75,6.62,6.87,6.81,6.50,7.12,24.37,23.75,25.00
10/01/2025,0:35:55,1,25.98,6.81,6.75,6.87,6.87,6.62,7.12,24.43,24.00,24.87
10/01/2025,0:36:55,1,26.05,6.81,6.75,6.87,6.75,6.50,7.00,24.50,24.12,24.87
10/01/2025,0:37:55,1,26.05,6.81,6.75,6.87,6.81,6.50,7.12,24.50,24.12,24.87
10/01/2025,0:38:55,1,26.05,6.81,6.75,6.87,6.87,6.62,7.12,24.50,24.12,24.87
10/01/2025,0:39:55,1,26.11,6.81,6.75,6.87,6.81,6.50,7.12,24.56,24.12,25.00
10/01/2025,0:40:55,1,25.98,6.75,6.62,6.87,6.81,6.50,7.12,24.43,24.00,24.87
10/01/2025,0:41:55,1,26.05,6.75,6.62,6.87,6.81,6.50,7.12,24.50,24.12,24.87
10/01/2025,0:42:55,1,26.05,6.81,6.75,6.87,6.81,6.50,7.12,24.50,24.12,24.87
10/01/2025,0:43:55,1,26.11,6.81,6.75,6.87,6.81,6.50,7.12,24.56,24.25,24.87
10/01/2025,0:44:55,1,26.11,6.75,6.62,6.87,6.75,6.50,7.00,24.56,24.25,24.87
10/01/2025,0:45:55,1,26.05,6.81,6.75,6.87,6.75,6.50,7.00,24.50,24.00,25.00
10/01/2025,0:46:55,1,25.98,6.75,6.62,6.87,6.75,6.50,7.00,24.43,24.00,24.87
10/01/2025,0:47:55,1,25.80,6.81,6.75,6.87,6.75,6.50,7.00,24.25,23.62,24.87
10/01/2025,0:48:55,1,25.80,6.75,6.62,6.87,6.75,6.50,7.00,24.25,23.75,24.75
10/01/2025,0:49:55,1,25.98,6.75,6.62,6.87,6.75,6.50,7.00,24.43,24.00,24.87
10/01/2025,0:50:55,1,25.86,6.75,6.62,6.87,6.75,6.50,7.00,24.31,23.75,24.87
10/01/2025,0:51:55,1,25.67,6.75,6.62,6.87,6.75,6.50,7.00,24.12,23.50,24.75
10/01/2025,0:52:55,1,25.80,6.75,6.62,6.87,6.75,6.50,7.00,24.25,23.62,24.87
10/01/2025,0:53:55,1,25.73,6.75,6.62,6.87,6.75,6.50,7.00,24.18,23.50,24.87
10/01/2025,0:54:55,1,25.61,6.75,6.62,6.87,6.75,6.50,7.00,24.06,23.37,24.75
10/01/2025,0:55:55,1,25.61,6.75,6.62,6.87,6.68,6.37,7.00,24.06,23.37,24.75
10/01/2025,0:56:55,1,25.61,6.75,6.62,6.87,6.75,6.50,7.00,24.06,23.37,24.75
10/01/2025,0:57:55,1,25.55,6.75,6.62,6.87,6.68,6.37,7.00,24.00,23.25,24.75
10/01/2025,0:58:55,1,25.42,6.75,6.62,6.87,6.68,6.37,7.00,23.87,23.25,24.50
10/01/2025,0:59:55,1,25.48,6.75,6.62,6.87,6.75,6.50,7.00,23.93,23.25,24.62
10/01/2025,1:0:55,1,25.48,6.75,6.62,6.87,6.68,6.37,7.00,23.93,23.25,24.62
10/01/2025,1:1:55,1,25.42,6.75,6.62,6.87,6.62,6.37,6.87,23.87,23.25,24.50
10/01/2025,1:2:55,1,25.48,6.81,6.75,6.87,6.62,6.37,6.87,23.93,23.25,24.62
10/01/2025,1:3:55,1,25.36,6.81,6.75,6.87,6.62,6.37,6.87,23.81,23.12,24.50
10/01/2025,1:4:55,1,25.36,6.81,6.75,6.87,6.68,6.37,7.00,23.81,23.12,24.50
10/01/2025,1:5:55,1,25.42,6.81,6.75,6.87,6.62,6.37,6.87,23.87,23.25,24.50
10/01/2025,1:6:55,1,25.42,6.81,6.75,6.87,6.68,6.50,6.87,23.87,23.25,24.50
10/01/2025,1:7:55,1,25.42,6.87,6.75,7.00,6.62,6.37,6.87,23.87,23.25,24.50
10/01/2025,1:8:55,1,25.42,6.87,6.75,7.00,6.62,6.37,6.87,23.87,23.25,24.50
10/01/2025,1:9:55,1,25.36,6.87,6.75,7.00,6.68,6.37,7.00,23.81,23.12,24.50
10/01/2025,1:10:55,1,25.42,6.87,6.75,7.00,6.62,6.37,6.87,23.87,23.25,24.50
10/01/2025,1:11:55,1,25.42,6.87,6.75,7.00,6.68,6.37,7.00,23.87,23.25,24.50
10/01/2025,1:12:55,1,25.36,6.87,6.75,7.00,6.75,6.50,7.00,23.81,23.12,24.50
10/01/2025,1:13:55,1,25.48,6.87,6.75,7.00,6.68,6.37,7.00,23.93,23.37,24.50
10/01/2025,1:14:55,1,25.61,6.87,6.75,7.00,6.75,6.50,7.00,24.06,23.50,24.62
10/01/2025,1:15:55,1,25.55,6.87,6.75,7.00,6.75,6.50,7.00,24.00,23.37,24.62
10/01/2025,1:16:55,1,25.61,6.87,6.75,7.00,6.75,6.50,7.00,24.06,23.50,24.62
10/01/2025,1:17:55,1,25.42,6.87,6.75,7.00,6.75,6.50,7.00,23.87,23.25,24.50
10/01/2025,1:18:55,1,25.61,6.87,6.75,7.00,6.75,6.50,7.00,24.06,23.50,24.62
10/01/2025,1:19:55,1,25.55,6.87,6.75,7.00,6.75,6.50,7.00,24.00,23.50,24.50
10/01/2025,1:20:55,1,25.67,6.81,6.75,6.87,6.75,6.50,7.00,24.12,23.62,24.62
10/01/2025,1:21:55,1,25.80,6.81,6.75,6.87,6.75,6.50,7.00,24.25,23.75,24.75
10/01/2025,1:22:55,1,25.73,6.81,6.75,6.87,6.75,6.50,7.00,24.18,23.62,24.75
10/01/2025,1:23:55,1,25.61,6.81,6.75,6.87,6.75,6.50,7.00,24.06,23.50,24.62
10/01/2025,1:24:55,1,25.73,6.75,6.62,6.87,6.75,6.50,7.00,24.18,23.62,24.75
10/01/2025,1:25:55,1,25.48,6.81,6.75,6.87,6.75,6.50,7.00,23.93,23.37,24.50
10/01/2025,1:26:55,1,25.67,6.75,6.62,6.87,6.75,6.50,7.00,24.12,23.50,24.75
10/01/2025,1:27:55,1,25.73,6.81,6.75,6.87,6.75,6.50,7.00,24.18,23.62,24.75
10/01/2025,1:28:55,1,25.55,6.75,6.62,6.87,6.75,6.50,7.00,24.00,23.37,24.62
10/01/2025,1:29:55,1,25.73,6.75,6.62,6.87,6.75,6.50,7.00,24.18,23.62,24.75
10/01/2025,1:30:55,1,25.61,6.75,6.62,6.87,6.75,6.50,7.00,24.06,23.50,24.62
10/01/2025,1:31:55,1,25.55,6.75,6.62,6.87,6.75,6.50,7.00,24.00,23.37,24.62
10/01/2025,1:32:55,1,25.48,6.81,6.75,6.87,6.75,6.50,7.00,23.93,23.37,24.50
10/01/2025,1:33:55,1,25.42,6.75,6.62,6.87,6.75,6.50,7.00,23.87,23.25,24.50
10/01/2025,1:34:55,1,25.42,6.81,6.75,6.87,6.75,6.50,7.00,23.87,23.25,24.50
10/01/2025,1:35:55,1,25.48,6.75,6.62,6.87,6.75,6.50,7.00,23.93,23.25,24.62
10/01/2025,1:36:55,1,25.55,6.81,6.75,6.87,6.75,6.50,7.00,24.00,23.50,24.50
10/01/2025,1:37:55,1,25.48,6.81,6.75,6.87,6.81,6.50,7.12,23.93,23.37,24.50
10/01/2025,1:38:55,1,25.55,6.81,6.75,6.87,6.75,6.50,7.00,24.00,23.37,24.62
10/01/2025,1:39:55,1,25.55,6.81,6.75,6.87,6.75,6.50,7.00,24.00,23.37,24.62
10/01/2025,1:40:55,1,25.61,6.87,6.75,7.00,6.75,6.50,7.00,24.06,23.50,24.62
10/01/2025,1:41:55,1,25.61,6.87,6.75,7.00,6.75,6.50,7.00,24.06,23.62,24.50
10/01/2025,1:42:55,1,25.61,6.87,6.75,7.00,6.81,6.50,7.12,24.06,23.50,24.62
10/01/2025,1:43:55,1,25.48,6.87,6.75,7.00,6.87,6.62,7.12,23.93,23.37,24.50
10/01/2025,1:44:55,1,25.55,6.87,6.75,7.00,6.87,6.62,7.12,24.00,23.37,24.62
10/01/2025,1:45:55,1,25.67,6.87,6.75,7.00,6.87,6.62,7.12,24.12,23.50,24.75
10/01/2025,1:46:55,1,25.61,6.87,6.75,7.00,6.87,6.62,7.12,24.06,23.50,24.62
10/01/2025,1:47:55,1,25.55,6.87,6.75,7.00,6.87,6.62,7.12,24.00,23.37,24.62
10/01/2025,1:48:55,1,25.48,6.87,6.75,7.00,6.87,6.62,7.12,23.93,23.25,24.62
10/01/2025,1:49:55,1,25.61,6.87,6.75,7.00,6.87,6.62,7.12,24.06,23.50,24.62
10/01/2025,1:50:55,1,25.55,6.87,6.75,7.00,6.87,6.62,7.12,24.00,23.37,24.62
10/01/2025,1:51:55,1,25.73,6.87,6.75,7.00,6.87,6.62,7.12,24.18,23.75,24.62
10/01/2025,1:52:55,1,25.55,6.87,6.75,7.00,6.87,6.62,7.12,24.00,23.37,24.62
10/01/2025,1:53:55,1,25.42,6.87,6.75,7.00,6.87,6.62,7.12,23.87,23.25,24.50
10/01/2025,1:54:55,1,25.61,6.87,6.75,7.00,6.87,6.62,7.12,24.06,23.50,24.62
10/01/2025,1:55:55,1,25.55,6.87,6.75,7.00,6.87,6.62,7.12,24.00,23.37,24.62
10/01/2025,1:56:55,1,25.42,6.87,6.75,7.00,6.87,6.62,7.12,23.87,23.25,24.50
10/01/2025,1:57:55,1,25.48,6.87,6.75,7.00,6.87,6.62,7.12,23.93,23.37,24.50
10/01/2025,1:58:55,1,25.55,6.87,6.75,7.00,6.87,6.62,7.12,24.00,23.37,24.62
10/01/2025,1:59:55,1,25.67,6.87,6.75,7.00,6.87,6.62,7.12,24.12,23.62,24.62
10/01/2025,2:0:55,1,25.48,6.87,6.75,7.00,6.87,6.62,7.12,23.93,23.37,24.50
10/01/2025,2:1:55,1,25.67,6.87,6.75,7.00,6.87,6.62,7.12,24.12,23.62,24.62
10/01/2025,2:2:55,1,25.67,6.81,6.75,6.87,6.87,6.62,7.12,24.12,23.62,24.62
10/01/2025,2:3:55,1,25.48,6.81,6.75,6.87,6.87,6.62,7.12,23.93,23.37,24.50
10/01/2025,2:4:55,1,25.61,6.81,6.75,6.87,6.87,6.62,7.12,24.06,23.50,24.62
10/01/2025,2:5:55,1,25.67,6.81,6.75,6.87,6.87,6.62,7.12,24.12,23.62,24.62
10/01/2025,2:6:55,1,25.67,6.87,6.75,7.00,6.87,6.62,7.12,24.12,23.62,24.62
10/01/2025,2:7:55,1,25.48,6.81,6.75,6.87,6.87,6.62,7.12,23.93,23.37,24.50
10/01/2025,2:8:55,1,25.55,6.81,6.75,6.87,6.87,6.62,7.12,24.00,23.37,24.62
10/01/2025,2:9:55,1,25.55,6.81,6.75,6.87,6.87,6.62,7.12,24.00,23.37,24.62
10/01/2025,2:10:55,1,25.42,6.81,6.75,6.87,6.87,6.62,7.12,23.87,23.25,24.50
10/01/2025,2:11:55,1,25.55,6.81,6.75,6.87,6.87,6.62,7.12,24.00,23.50,24.50
10/01/2025,2:12:55,1,25.61,6.81,6.75,6.87,6.87,6.62,7.12,24.06,23.62,24.50
10/01/2025,2:13:55,1,25.73,6.81,6.75,6.87,6.87,6.62,7.12,24.18,23.62,24.75
10/01/2025,2:14:55,1,25.80,6.81,6.75,6.87,6.87,6.62,7.12,24.25,23.75,24.75
10/01/2025,2:15:55,1,25.73,6.81,6.75,6.87,6.87,6.62,7.12,24.18,23.75,24.62
10/01/2025,2:16:55,1,25.86,6.81,6.75,6.87,6.87,6.62,7.12,24.31,23.87,24.75
10/01/2025,2:17:55,1,25.92,6.81,6.75,6.87,6.87,6.62,7.12,24.37,24.00,24.75
10/01/2025,2:18:55,1,25.92,6.81,6.75,6.87,6.87,6.62,7.12,24.37,24.00,24.75
10/01/2025,2:19:55,1,25.92,6.81,6.75,6.87,6.87,6.62,7.12,24.37,24.00,24.75
10/01/2025,2:20:55,1,25.86,6.81,6.75,6.87,6.87,6.62,7.12,24.31,24.00,24.62
10/01/2025,2:21:55,1,25.80,6.81,6.75,6.87,6.87,6.62,7.12,24.25,23.87,24.62
10/01/2025,2:22:55,1,25.98,6.81,6.75,6.87,6.87,6.62,7.12,24.43,24.12,24.75
10/01/2025,2:23:55,1,25.98,6.81,6.75,6.87,6.81,6.50,7.12,24.43,24.12,24.75
10/01/2025,2:24:55,1,25.86,6.81,6.75,6.87,6.87,6.62,7.12,24.31,23.87,24.75
10/01/2025,2:25:55,1,25.98,6.81,6.75,6.87,6.81,6.50,7.12,24.43,24.00,24.87
10/01/2025,2:26:55,1,25.92,6.81,6.75,6.87,6.87,6.62,7.12,24.37,24.00,24.75
10/01/2025,2:27:55,1,25.98,6.81,6.75,6.87,6.87,6.62,7.12,24.43,24.12,24.75
10/01/2025,2:28:55,1,25.98,6.81,6.75,6.87,6.81,6.50,7.12,24.43,24.12,24.75
10/01/2025,2:29:55,1,26.11,6.75,6.62,6.87,6.81,6.50,7.12,24.56,24.25,24.87
10/01/2025,2:30:55,1,25.98,6.81,6.75,6.87,6.87,6.62,7.12,24.43,24.00,24.87
10/01/2025,2:31:55,1,25.98,6.75,6.62,6.87,6.81,6.50,7.12,24.43,24.00,24.87
10/01/2025,2:32:55,1,25.86,6.75,6.62,6.87,6.81,6.62,7.00,24.31,23.87,24.75
10/01/2025,2:33:55,1,25.92,6.75,6.62,6.87,6.81,6.50,7.12,24.37,23.87,24.87
10/01/2025,2:34:55,1,25.92,6.75,6.62,6.87,6.87,6.62,7.12,24.37,24.00,24.75
10/01/2025,2:35:55,1,25.73,6.68,6.62,6.75,6.81,6.50,7.12,24.18,23.75,24.62
10/01/2025,2:36:55,1,25.73,6.68,6.62,6.75,6.75,6.50,7.00,24.18,23.62,24.75
10/01/2025,2:37:55,1,25.86,6.68,6.62,6.75,6.75,6.50,7.00,24.31,23.75,24.87
10/01/2025,2:38:55,1,25.73,6.68,6.62,6.75,6.75,6.50,7.00,24.18,23.62,24.75
10/01/2025,2:39:55,1,25.80,6.62,6.50,6.75,6.75,6.50,7.00,24.25,23.75,24.75
10/01/2025,2:40:55,1,25.73,6.62,6.50,6.75,6.75,6.50,7.00,24.18,23.62,24.75
10/01/2025,2:41:55,1,25.86,6.62,6.50,6.75,6.75,6.50,7.00,24.31,23.87,24.75
10/01/2025,2:42:55,1,25.73,6.68,6.62,6.75,6.75,6.50,7.00,24.18,23.75,24.62
10/01/2025,2:43:55,1,25.86,6.62,6.50,6.75,6.75,6.50,7.00,24.31,23.75,24.87
10/01/2025,2:44:55,1,25.92,6.68,6.62,6.75,6.75,6.50,7.00,24.37,24.00,24.75
10/01/2025,2:45:55,1,25.86,6.62,6.50,6.75,6.75,6.50,7.00,24.31,23.87,24.75
10/01/2025,2:46:55,1,25.92,6.68,6.62,6.75,6.75,6.50,7.00,24.37,23.87,24.87
10/01/2025,2:47:55,1,25.86,6.68,6.62,6.75,6.75,6.50,7.00,24.31,23.87,24.75
10/01/2025,2:48:55,1,25.80,6.62,6.50,6.75,6.75,6.50,7.00,24.25,23.87,24.62
10/01/2025,2:49:55,1,25.98,6.68,6.62,6.75,6.75,6.50,7.00,24.43,24.12,24.75
10/01/2025,2:50:55,1,25.98,6.68,6.62,6.75,6.75,6.50,7.00,24.43,24.12,24.75
10/01/2025,2:51:55,1,25.92,6.62,6.50,6.75,6.75,6.50,7.00,24.37,23.87,24.87
10/01/2025,2:52:55,1,25.98,6.62,6.50,6.75,6.75,6.50,7.00,24.43,24.00,24.87
10/01/2025,2:53:55,1,26.05,6.62,6.50,6.75,6.75,6.50,7.00,24.50,24.12,24.87
10/01/2025,2:54:55,1,26.05,6.68,6.62,6.75,6.75,6.50,7.00,24.50,24.12,24.87
10/01/2025,2:55:55,1,25.92,6.68,6.62,6.75,6.75,6.50,7.00,24.37,24.00,24.75
10/01/2025,2:56:55,1,25.86,6.68,6.62,6.75,6.75,6.50,7.00,24.31,23.87,24.75
10/01/2025,2:57:55,1,25.92,6.68,6.62,6.75,6.75,6.50,7.00,24.37,24.00,24.75
10/01/2025,2:58:55,1,25.92,6.68,6.62,6.75,6.75,6.50,7.00,24.37,24.00,24.75
10/01/2025,2:59:55,1,25.92,6.68,6.62,6.75,6.75,6.50,7.00,24.37,23.87,24.87
10/01/2025,3:0:55,1,25.80,6.68,6.62,6.75,6.75,6.50,7.00,24.25,23.75,24.75
10/01/2025,3:1:55,1,25.86,6.68,6.62,6.75,6.62,6.37,6.87,24.31,23.87,24.75
10/01/2025,3:2:55,1,25.73,6.68,6.62,6.75,6.62,6.37,6.87,24.18,23.62,24.75
10/01/2025,3:3:55,1,25.86,6.68,6.62,6.75,6.62,6.37,6.87,24.31,23.87,24.75
10/01/2025,3:4:55,1,25.67,6.68,6.62,6.75,6.62,6.37,6.87,24.12,23.50,24.75
10/01/2025,3:5:55,1,25.55,6.62,6.50,6.75,6.62,6.37,6.87,24.00,23.37,24.62
10/01/2025,3:6:55,1,25.48,6.62,6.50,6.75,6.62,6.37,6.87,23.93,23.25,24.62
10/01/2025,3:7:55,1,25.61,6.68,6.62,6.75,6.62,6.37,6.87,24.06,23.50,24.62
10/01/2025,3:8:55,1,25.48,6.68,6.62,6.75,6.62,6.37,6.87,23.93,23.37,24.50
10/01/2025,3:9:55,1,25.61,6.62,6.50,6.75,6.62,6.37,6.87,24.06,23.50,24.62
10/01/2025,3:10:55,1,25.67,6.62,6.50,6.75,6.62,6.37,6.87,24.12,23.62,24.62
10/01/2025,3:11:55,1,25.73,6.62,6.50,6.75,6.62,6.37,6.87,24.18,23.75,24.62
10/01/2025,3:12:55,1,25.73,6.62,6.50,6.75,6.56,6.25,6.87,24.18,23.75,24.62
10/01/2025,3:13:55,1,25.67,6.62,6.50,6.75,6.50,6.25,6.75,24.12,23.62,24.62
10/01/2025,3:14:55,1,25.55,6.62,6.50,6.75,6.50,6.25,6.75,24.00,23.37,24.62
10/01/2025,3:15:55,1,25.55,6.62,6.50,6.75,6.50,6.25,6.75,24.00,23.50,24.50
10/01/2025,3:16:55,1,25.42,6.62,6.50,6.75,6.50,6.25,6.75,23.87,23.25,24.50
10/01/2025,3:17:55,1,25.48,6.62,6.50,6.75,6.50,6.25,6.75,23.93,23.37,24.50
10/01/2025,3:18:55,1,25.61,6.62,6.50,6.75,6.56,6.25,6.87,24.06,23.50,24.62
10/01/2025,3:19:55,1,25.61,6.62,6.50,6.75,6.50,6.25,6.75,24.06,23.50,24.62
10/01/2025,3:20:55,1,25.42,6.62,6.50,6.75,6.50,6.25,6.75,23.87,23.25,24.50
10/01/2025,3:21:55,1,25.48,6.62,6.50,6.75,6.50,6.25,6.75,23.93,23.37,24.50
10/01/2025,3:22:55,1,25.55,6.62,6.50,6.75,6.50,6.25,6.75,24.00,23.37,24.62
10/01/2025,3:23:55,1,25.36,6.62,6.50,6.75,6.50,6.25,6.75,23.81,23.25,24.37
10/01/2025,3:24:55,1,25.42,6.62,6.50,6.75,6.50,6.25,6.75,23.87,23.25,24.50
10/01/2025,3:25:55,1,25.48,6.62,6.50,6.75,6.56,6.25,6.87,23.93,23.37,24.50
10/01/2025,3:26:55,1,25.30,6.62,6.50,6.75,6.56,6.25,6.87,23.75,23.12,24.37
10/01/2025,3:27:55,1,25.42,6.62,6.50,6.75,6.62,6.37,6.87,23.87,23.25,24.50
10/01/2025,3:28:55,1,25.42,6.62,6.50,6.75,6.56,6.25,6.87,23.87,23.25,24.50
10/01/2025,3:29:55,1,25.36,6.62,6.50,6.75,6.56,6.25,6.87,23.81,23.25,24.37
10/01/2025,3:30:55,1,25.30,6.62,6.50,6.75,6.62,6.37,6.87,23.75,23.12,24.37
10/01/2025,3:31:55,1,25.36,6.62,6.50,6.75,6.62,6.37,6.87,23.81,23.12,24.50
10/01/2025,3:32:55,1,25.30,6.62,6.50,6.75,6.56,6.25,6.87,23.75,23.12,24.37
10/01/2025,3:33:55,1,25.36,6.62,6.50,6.75,6.56,6.25,6.87,23.81,23.12,24.50
10/01/2025,3:34:55,1,25.42,6.62,6.50,6.75,6.62,6.37,6.87,23.87,23.37,24.37
10/01/2025,3:35:55,1,25.55,6.62,6.50,6.75,6.56,6.25,6.87,24.00,23.50,24.50
10/01/2025,3:36:55,1,25.48,6.62,6.50,6.75,6.56,6.25,6.87,23.93,23.37,24.50
10/01/2025,3:37:55,1,25.48,6.62,6.50,6.75,6.56,6.25,6.87,23.93,23.37,24.50
10/01/2025,3:38:55,1,25.48,6.62,6.50,6.75,6.56,6.25,6.87,23.93,23.37,24.50
10/01/2025,3:39:55,1,25.48,6.50,6.37,6.62,6.56,6.25,6.87,23.93,23.37,24.50
10/01/2025,3:40:55,1,25.36,6.50,6.37,6.62,6.56,6.25,6.87,23.81,23.12,24.50
10/01/2025,3:41:55,1,25.30,6.50,6.37,6.62,6.56,6.25,6.87,23.75,23.12,24.37
10/01/2025,3:42:55,1,25.30,6.37,6.25,6.50,6.56,6.25,6.87,23.75,23.12,24.37
10/01/2025,3:43:55,1,25.30,6.37,6.25,6.50,6.50,6.25,6.75,23.75,23.12,24.37
10/01/2025,3:44:55,1,25.30,6.37,6.25,6.50,6.50,6.25,6.75,23.75,23.12,24.37
10/01/2025,3:45:55,1,25.36,6.25,6.12,6.37,6.43,6.12,6.75,23.81,23.25,24.37
10/01/2025,3:46:55,1,25.36,6.25,6.12,6.37,6.37,6.12,6.62,23.81,23.25,24.37
10/01/2025,3:47:55,1,25.30,6.12,6.00,6.25,6.37,6.12,6.62,23.75,23.12,24.37
10/01/2025,3:48:55,1,25.48,6.12,6.00,6.25,6.31,6.00,6.62,23.93,23.50,24.37
10/01/2025,3:49:55,1,25.42,6.06,6.00,6.12,6.31,6.00,6.62,23.87,23.37,24.37
10/01/2025,3:50:55,1,25.30,6.06,6.00,6.12,6.18,5.87,6.50,23.75,23.25,24.25
10/01/2025,3:51:55,1,25.42,6.00,5.87,6.12,6.18,5.87,6.50,23.87,23.25,24.50
10/01/2025,3:52:55,1,25.48,6.00,5.87,6.12,6.18,5.87,6.50,23.93,23.50,24.37
10/01/2025,3:53:55,1,25.48,6.00,5.87,6.12,6.18,5.87,6.50,23.93,23.37,24.50
10/01/2025,3:54:55,1,25.42,6.00,5.87,6.12,6.06,5.75,6.37,23.87,23.25,24.50
10/01/2025,3:55:55,1,25.48,6.00,5.87,6.12,6.12,5.87,6.37,23.93,23.37,24.50
10/01/2025,3:56:55,1,25.42,6.00,5.87,6.12,6.06,5.75,6.37,23.87,23.37,24.37
10/01/2025,3:57:55,1,25.61,5.93,5.87,6.00,6.06,5.75,6.37,24.06,23.50,24.62
10/01/2025,3:58:55,1,25.61,5.93,5.87,6.00,6.06,5.75,6.37,24.06,23.50,24.62
10/01/2025,3:59:55,1,25.48,5.87,5.75,6.00,6.06,5.75,6.37,23.93,23.37,24.50
10/01/2025,4:0:55,1,25.48,5.87,5.75,6.00,6.00,5.75,6.25,23.93,23.37,24.50
10/01/2025,4:1:55,1,25.55,5.87,5.75,6.00,6.00,5.75,6.25,24.00,23.50,24.50
10/01/2025,4:2:55,1,25.67,5.87,5.75,6.00,6.00,5.75,6.25,24.12,23.62,24.62
10/01/2025,4:3:55,1,25.73,5.87,5.75,6.00,5.93,5.62,6.25,24.18,23.75,24.62
10/01/2025,4:4:55,1,25.61,5.87,5.75,6.00,5.93,5.62,6.25,24.06,23.50,24.62
10/01/2025,4:5:55,1,25.55,5.87,5.75,6.00,5.93,5.62,6.25,24.00,23.50,24.50
10/01/2025,4:6:55,1,25.42,5.87,5.75,6.00,5.93,5.62,6.25,23.87,23.25,24.50
10/01/2025,4:7:55,1,25.42,5.87,5.75,6.00,5.93,5.62,6.25,23.87,23.25,24.50
10/01/2025,4:8:55,1,25.48,5.87,5.75,6.00,5.93,5.62,6.25,23.93,23.37,24.50
10/01/2025,4:9:55,1,25.55,5.87,5.75,6.00,5.87,5.62,6.12,24.00,23.50,24.50
10/01/2025,4:10:55,1,25.61,5.87,5.75,6.00,5.87,5.62,6.12,24.06,23.50,24.62
10/01/2025,4:11:55,1,25.48,5.87,5.75,6.00,5.87,5.62,6.12,23.93,23.37,24.50
10/01/2025,4:12:55,1,25.48,5.87,5.75,6.00,5.93,5.62,6.25,23.93,23.50,24.37
10/01/2025,4:13:55,1,25.55,5.87,5.75,6.00,5.87,5.62,6.12,24.00,23.37,24.62
10/01/2025,4:14:55,1,25.55,5.87,5.75,6.00,5.87,5.62,6.12,24.00,23.50,24.50
10/01/2025,4:15:55,1,25.67,5.87,5.75,6.00,5.87,5.62,6.12,24.12,23.75,24.50
10/01/2025,4:16:55,1,25.67,5.87,5.75,6.00,5.87,5.62,6.12,24.12,23.75,24.50
10/01/2025,4:17:55,1,25.67,5.87,5.75,6.00,5.87,5.62,6.12,24.12,23.75,24.50
10/01/2025,4:18:55,1,25.67,5.87,5.75,6.00,5.87,5.62,6.12,24.12,23.75,24.50
10/01/2025,4:19:55,1,25.67,5.75,5.62,5.87,5.87,5.62,6.12,24.12,23.62,24.62
10/01/2025,4:20:55,1,25.73,5.75,5.62,5.87,5.87,5.62,6.12,24.18,23.75,24.62
10/01/2025,4:21:55,1,25.73,5.75,5.62,5.87,5.87,5.62,6.12,24.18,23.75,24.62
10/01/2025,4:22:55,1,25.80,5.75,5.62,5.87,5.87,5.62,6.12,24.25,23.87,24.62
10/01/2025,4:23:55,1,25.61,5.75,5.62,5.87,5.87,5.62,6.12,24.06,23.50,24.62
10/01/2025,4:24:55,1,25.67,5.75,5.62,5.87,5.87,5.62,6.12,24.12,23.62,24.62
10/01/2025,4:25:55,1,25.73,5.75,5.62,5.87,5.87,5.62,6.12,24.18,23.62,24.75
10/01/2025,4:26:55,1,25.48,5.75,5.62,5.87,5.87,5.62,6.12,23.93,23.37,24.50
10/01/2025,4:27:55,1,25.67,5.75,5.62,5.87,5.87,5.62,6.12,24.12,23.62,24.62
10/01/2025,4:28:55,1,25.61,5.75,5.62,5.87,5.87,5.62,6.12,24.06,23.50,24.62
10/01/2025,4:29:55,1,25.73,5.75,5.62,5.87,5.87,5.62,6.12,24.18,23.75,24.62
10/01/2025,4:30:55,1,25.67,5.75,5.62,5.87,5.87,5.62,6.12,24.12,23.75,24.50
10/01/2025,4:31:55,1,25.73,5.75,5.62,5.87,5.87,5.62,6.12,24.18,23.75,24.62
10/01/2025,4:32:55,1,25.67,5.75,5.62,5.87,5.87,5.62,6.12,24.12,23.62,24.62
10/01/2025,4:33:55,1,25.80,5.75,5.62,5.87,5.87,5.62,6.12,24.25,23.87,24.62
10/01/2025,4:34:55,1,25.80,5.75,5.62,5.87,5.87,5.62,6.12,24.25,23.87,24.62
10/01/2025,4:35:55,1,25.73,5.75,5.62,5.87,5.87,5.62,6.12,24.18,23.87,24.50
10/01/2025,4:36:55,1,25.86,5.75,5.62,5.87,5.87,5.62,6.12,24.31,24.00,24.62
10/01/2025,4:37:55,1,25.86,5.75,5.62,5.87,5.87,5.62,6.12,24.31,24.00,24.62
10/01/2025,4:38:55,1,25.92,5.75,5.62,5.87,5.87,5.62,6.12,24.37,24.12,24.62
10/01/2025,4:39:55,1,25.92,5.75,5.62,5.87,5.87,5.62,6.12,24.37,24.12,24.62
10/01/2025,4:40:55,1,25.92,5.75,5.62,5.87,5.87,5.62,6.12,24.37,24.00,24.75
10/01/2025,4:41:55,1,25.92,5.75,5.62,5.87,5.87,5.62,6.12,24.37,24.00,24.75
10/01/2025,4:42:55,1,25.86,5.75,5.62,5.87,5.81,5.50,6.12,24.31,23.87,24.75
10/01/2025,4:43:55,1,25.73,5.68,5.62,5.75,5.81,5.50,6.12,24.18,23.75,24.62
10/01/2025,4:44:55,1,25.92,5.62,5.50,5.75,5.81,5.50,6.12,24.37,24.00,24.75
10/01/2025,4:45:55,1,25.92,5.62,5.50,5.75,5.81,5.50,6.12,24.37,24.00,24.75
10/01/2025,4:46:55,1,25.98,5.62,5.50,5.75,5.75,5.50,6.00,24.43,24.12,24.75
10/01/2025,4:47:55,1,25.98,5.56,5.50,5.62,5.75,5.50,6.00,24.43,24.12,24.75
10/01/2025,4:48:55,1,25.92,5.56,5.50,5.62,5.81,5.50,6.12,24.37,24.12,24.62
10/01/2025,4:49:55,1,25.92,5.50,5.37,5.62,5.75,5.50,6.00,24.37,24.00,24.75
10/01/2025,4:50:55,1,25.92,5.50,5.37,5.62,5.75,5.50,6.00,24.37,24.00,24.75
10/01/2025,4:51:55,1,25.92,5.43,5.37,5.50,5.75,5.50,6.00,24.37,24.00,24.75
10/01/2025,4:52:55,1,25.86,5.37,5.25,5.50,5.68,5.37,6.00,24.31,23.87,24.75
10/01/2025,4:53:55,1,25.86,5.37,5.25,5.50,5.62,5.37,5.87,24.31,24.00,24.62
10/01/2025,4:54:55,1,25.92,5.31,5.25,5.37,5.62,5.37,5.87,24.37,24.00,24.75
10/01/2025,4:55:55,1,25.92,5.31,5.25,5.37,5.62,5.37,5.87,24.37,24.00,24.75
10/01/2025,4:56:55,1,25.92,5.25,5.12,5.37,5.62,5.37,5.87,24.37,24.12,24.62
10/01/2025,4:57:55,1,25.98,5.18,5.12,5.25,5.56,5.25,5.87,24.43,24.12,24.75
10/01/2025,4:58:55,1,25.80,5.18,5.12,5.25,5.50,5.25,5.75,24.25,23.75,24.75
10/01/2025,4:59:55,1,25.92,5.18,5.12,5.25,5.50,5.25,5.75,24.37,24.00,24.75
10/01/2025,5:0:55,1,25.80,5.18,5.12,5.25,5.50,5.25,5.75,24.25,23.75,24.75
10/01/2025,5:1:55,1,25.73,5.12,5.00,5.25,5.43,5.12,5.75,24.18,23.75,24.62
10/01/2025,5:2:55,1,25.86,5.06,5.00,5.12,5.37,5.12,5.62,24.31,24.00,24.62
10/01/2025,5:3:55,1,25.86,5.06,5.00,5.12,5.37,5.12,5.62,24.31,24.00,24.62
10/01/2025,5:4:55,1,25.92,5.06,5.00,5.12,5.37,5.12,5.62,24.37,24.12,24.62
10/01/2025,5:5:55,1,25.86,5.00,4.87,5.12,5.31,5.00,5.62,24.31,23.87,24.75
10/01/2025,5:6:55,1,25.92,5.00,4.87,5.12,5.25,5.00,5.50,24.37,24.00,24.75
10/01/2025,5:7:55,1,25.80,4.93,4.87,5.00,5.25,5.00,5.50,24.25,23.75,24.75
10/01/2025,5:8:55,1,25.80,4.93,4.87,5.00,5.25,5.00,5.50,24.25,23.87,24.62
10/01/2025,5:9:55,1,25.80,4.87,4.75,5.00,5.18,4.87,5.50,24.25,23.87,24.62
10/01/2025,5:10:55,1,25.80,4.87,4.75,5.00,5.12,4.87,5.37,24.25,23.87,24.62
10/01/2025,5:11:55,1,25.86,4.81,4.75,4.87,5.12,4.87,5.37,24.31,24.00,24.62
10/01/2025,5:12:55,1,25.92,4.81,4.75,4.87,5.06,4.75,5.37,24.37,24.00,24.75
10/01/2025,5:13:55,1,25.86,4.75,4.62,4.87,5.06,4.75,5.37,24.31,24.00,24.62
10/01/2025,5:14:55,1,25.86,4.75,4.62,4.87,5.00,4.75,5.25,24.31,23.87,24.75
10/01/2025,5:15:55,1,25.73,4.68,4.62,4.75,5.00,4.75,5.25,24.18,23.75,24.62
10/01/2025,5:16:55,1,25.86,4.68,4.62,4.75,5.00,4.75,5.25,24.31,23.87,24.75
10/01/2025,5:17:55,1,25.73,4.68,4.62,4.75,4.93,4.62,5.25,24.18,23.75,24.62
10/01/2025,5:18:55,1,25.67,4.62,4.50,4.75,4.87,4.62,5.12,24.12,23.75,24.50
10/01/2025,5:19:55,1,25.61,4.62,4.50,4.75,4.87,4.62,5.12,24.06,23.50,24.62
10/01/2025,5:20:55,1,25.61,4.56,4.50,4.62,4.87,4.62,5.12,24.06,23.62,24.50
10/01/2025,5:21:55,1,25.80,4.56,4.50,4.62,4.75,4.50,5.00,24.25,23.87,24.62
10/01/2025,5:22:55,1,25.61,4.56,4.50,4.62,4.75,4.50,5.00,24.06,23.50,24.62
10/01/2025,5:23:55,1,25.61,4.50,4.37,4.62,4.75,4.50,5.00,24.06,23.50,24.62
10/01/2025,5:24:55,1,25.55,4.43,4.37,4.50,4.75,4.50,5.00,24.00,23.50,24.50
10/01/2025,5:25:55,1,25.55,4.43,4.37,4.50,4.68,4.37,5.00,24.00,23.50,24.50
10/01/2025,5:26:55,1,25.48,4.43,4.37,4.50,4.62,4.37,4.87,23.93,23.37,24.50
10/01/2025,5:27:55,1,25.61,4.43,4.37,4.50,4.62,4.37,4.87,24.06,23.50,24.62
10/01/2025,5:28:55,1,25.55,4.43,4.37,4.50,4.62,4.37,4.87,24.00,23.37,24.62
10/01/2025,5:29:55,1,25.42,4.31,4.25,4.37,4.56,4.25,4.87,23.87,23.25,24.50
10/01/2025,5:30:55,1,25.42,4.31,4.25,4.37,4.50,4.25,4.75,23.87,23.25,24.50
10/01/2025,5:31:55,1,25.42,4.31,4.25,4.37,4.50,4.25,4.75,23.87,23.25,24.50
10/01/2025,5:32:55,1,25.30,4.31,4.25,4.37,4.50,4.25,4.75,23.75,23.12,24.37
10/01/2025,5:33:55,1,25.42,4.31,4.25,4.37,4.37,4.12,4.62,23.87,23.25,24.50
10/01/2025,5:34:55,1,25.30,4.25,4.12,4.37,4.37,4.12,4.62,23.75,23.12,24.37
10/01/2025,5:35:55,1,25.23,4.18,4.12,4.25,4.37,4.12,4.62,23.68,23.00,24.37
10/01/2025,5:36:55,1,25.17,4.18,4.12,4.25,4.37,4.12,4.62,23.62,23.00,24.25
10/01/2025,5:37:55,1,25.17,4.18,4.12,4.25,4.25,4.00,4.50,23.62,23.00,24.25
10/01/2025,5:38:55,1,25.17,4.18,4.12,4.25,4.25,4.00,4.50,23.62,23.00,24.25
10/01/2025,5:39:55,1,25.17,4.18,4.12,4.25,4.25,4.00,4.50,23.62,23.00,24.25
10/01/2025,5:40:55,1,25.05,4.12,4.00,4.25,4.18,3.87,4.50,23.50,22.75,24.25
10/01/2025,5:41:55,1,25.05,4.06,4.00,4.12,4.12,3.87,4.37,23.50,22.87,24.12
10/01/2025,5:42:55,1,25.11,4.06,4.00,4.12,4.12,3.87,4.37,23.56,22.87,24.25
10/01/2025,5:43:55,1,25.23,4.06,4.00,4.12,4.12,3.87,4.37,23.68,23.12,24.25
10/01/2025,5:44:55,1,25.30,4.06,4.00,4.12,4.06,3.75,4.37,23.75,23.25,24.25
10/01/2025,5:45:55,1,25.30,4.00,3.87,4.12,4.06,3.87,4.25,23.75,23.25,24.25
10/01/2025,5:46:55,1,25.05,4.06,4.00,4.12,4.00,3.75,4.25,23.50,22.87,24.12
10/01/2025,5:47:55,1,25.30,4.00,3.87,4.12,4.00,3.75,4.25,23.75,23.25,24.25
10/01/2025,5:48:55,1,25.36,4.00,3.87,4.12,4.00,3.75,4.25,23.81,23.37,24.25
10/01/2025,5:49:55,1,25.36,4.00,3.87,4.12,3.93,3.62,4.25,23.81,23.25,24.37
10/01/2025,5:50:55,1,25.30,3.93,3.87,4.00,3.93,3.62,4.25,23.75,23.12,24.37
10/01/2025,5:51:55,1,25.36,3.93,3.87,4.00,3.87,3.62,4.12,23.81,23.25,24.37
10/01/2025,5:52:55,1,25.36,3.93,3.87,4.00,3.87,3.62,4.12,23.81,23.25,24.37
10/01/2025,5:53:55,1,25.48,3.87,3.75,4.00,3.87,3.62,4.12,23.93,23.50,24.37
10/01/2025,5:54:55,1,25.48,3.87,3.75,4.00,3.81,3.50,4.12,23.93,23.37,24.50
10/01/2025,5:55:55,1,25.42,3.87,3.75,4.00,3.75,3.50,4.00,23.87,23.37,24.37
10/01/2025,5:56:55,1,25.55,3.87,3.75,4.00,3.75,3.50,4.00,24.00,23.50,24.50
10/01/2025,5:57:55,1,25.55,3.87,3.75,4.00,3.75,3.50,4.00,24.00,23.50,24.50
10/01/2025,5:58:55,1,25.30,3.87,3.75,4.00,3.75,3.50,4.00,23.75,23.12,24.37
10/01/2025,5:59:55,1,25.36,3.87,3.75,4.00,3.62,3.37,3.87,23.81,23.25,24.37
10/01/2025,6:0:55,1,25.42,3.87,3.75,4.00,3.62,3.37,3.87,23.87,23.37,24.37
10/01/2025,6:1:55,1,25.42,3.81,3.75,3.87,3.62,3.37,3.87,23.87,23.37,24.37
10/01/2025,6:2:55,1,25.36,3.87,3.75,4.00,3.62,3.37,3.87,23.81,23.25,24.37
10/01/2025,6:3:55,1,25.42,3.87,3.75,4.00,3.62,3.37,3.87,23.87,23.37,24.37
10/01/2025,6:4:55,1,25.48,3.87,3.75,4.00,3.56,3.25,3.87,23.93,23.50,24.37
10/01/2025,6:5:55,1,25.61,3.81,3.75,3.87,3.56,3.25,3.87,24.06,23.62,24.50
10/01/2025,6:6:55,1,25.55,3.87,3.75,4.00,3.50,3.25,3.75,24.00,23.50,24.50
10/01/2025,6:7:55,1,25.55,3.87,3.75,4.00,3.50,3.25,3.75,24.00,23.50,24.50
10/01/2025,6:8:55,1,25.48,3.87,3.75,4.00,3.50,3.25,3.75,23.93,23.37,24.50
10/01/2025,6:9:55,1,25.42,3.87,3.75,4.00,3.50,3.25,3.75,23.87,23.37,24.37
10/01/2025,6:10:55,1,25.36,3.87,3.75,4.00,3.50,3.25,3.75,23.81,23.25,24.37
10/01/2025,6:11:55,1,25.30,3.87,3.75,4.00,3.50,3.25,3.75,23.75,23.12,24.37
10/01/2025,6:12:55,1,25.42,3.87,3.75,4.00,3.50,3.25,3.75,23.87,23.25,24.50
10/01/2025,6:13:55,1,25.42,3.87,3.75,4.00,3.37,3.12,3.62,23.87,23.25,24.50
10/01/2025,6:14:55,1,25.42,3.87,3.75,4.00,3.37,3.12,3.62,23.87,23.37,24.37
10/01/2025,6:15:55,1,25.48,3.87,3.75,4.00,3.37,3.12,3.62,23.93,23.37,24.50
10/01/2025,6:16:55,1,25.55,3.87,3.75,4.00,3.37,3.12,3.62,24.00,23.50,24.50
10/01/2025,6:17:55,1,25.55,3.87,3.75,4.00,3.37,3.12,3.62,24.00,23.62,24.37
10/01/2025,6:18:55,1,25.48,3.87,3.75,4.00,3.37,3.12,3.62,23.93,23.50,24.37
10/01/2025,6:19:55,1,25.67,3.87,3.75,4.00,3.37,3.12,3.62,24.12,23.75,24.50
10/01/2025,6:20:55,1,25.61,3.87,3.75,4.00,3.37,3.12,3.62,24.06,23.62,24.50
10/01/2025,6:21:55,1,25.67,3.87,3.75,4.00,3.37,3.12,3.62,24.12,23.75,24.50
10/01/2025,6:22:55,1,25.55,3.87,3.75,4.00,3.25,3.00,3.50,24.00,23.50,24.50
10/01/2025,6:23:55,1,25.61,3.87,3.75,4.00,3.25,3.00,3.50,24.06,23.62,24.50
10/01/2025,6:24:55,1,25.55,3.87,3.75,4.00,3.25,3.00,3.50,24.00,23.50,24.50
10/01/2025,6:25:55,1,25.61,3.87,3.75,4.00,3.25,3.00,3.50,24.06,23.50,24.62
10/01/2025,6:26:55,1,25.48,3.87,3.75,4.00,3.25,3.00,3.50,23.93,23.37,24.50
10/01/2025,6:27:55,1,25.55,3.87,3.75,4.00,3.25,3.00,3.50,24.00,23.50,24.50
10/01/2025,6:28:55,1,25.36,3.87,3.75,4.00,3.25,3.00,3.50,23.81,23.25,24.37
10/01/2025,6:29:55,1,25.42,3.87,3.75,4.00,3.25,3.00,3.50,23.87,23.25,24.50
10/01/2025,6:30:55,1,25.36,3.81,3.75,3.87,3.25,3.00,3.50,23.81,23.12,24.50
10/01/2025,6:31:55,1,25.23,3.87,3.75,4.00,3.25,3.00,3.50,23.68,23.12,24.25
10/01/2025,6:32:55,1,25.36,3.87,3.75,4.00,3.18,3.00,3.37,23.81,23.25,24.37
10/01/2025,6:33:55,1,25.36,3.87,3.75,4.00,3.18,3.00,3.37,23.81,23.25,24.37
10/01/2025,6:34:55,1,25.42,3.87,3.75,4.00,3.12,2.87,3.37,23.87,23.37,24.37
10/01/2025,6:35:55,1,25.42,3.87,3.75,4.00,3.12,2.87,3.37,23.87,23.37,24.37
10/01/2025,6:36:55,1,25.36,3.87,3.75,4.00,3.12,2.87,3.37,23.81,23.25,24.37
10/01/2025,6:37:55,1,25.30,3.87,3.75,4.00,3.12,2.87,3.37,23.75,23.12,24.37
10/01/2025,6:38:55,1,25.30,3.87,3.75,4.00,3.12,2.87,3.37,23.75,23.12,24.37
10/01/2025,6:39:55,1,25.42,3.87,3.75,4.00,3.12,2.87,3.37,23.87,23.37,24.37
10/01/2025,6:40:55,1,25.42,3.87,3.75,4.00,3.12,2.87,3.37,23.87,23.37,24.37
10/01/2025,6:41:55,1,25.36,3.87,3.75,4.00,3.12,2.87,3.37,23.81,23.37,24.25
10/01/2025,6:42:55,1,25.55,3.87,3.75,4.00,3.12,2.87,3.37,24.00,23.62,24.37
10/01/2025,6:43:55,1,25.48,3.87,3.75,4.00,3.12,2.87,3.37,23.93,23.50,24.37
10/01/2025,6:44:55,1,25.42,3.93,3.87,4.00,3.12,2.87,3.37,23.87,23.37,24.37
10/01/2025,6:45:55,1,25.42,3.93,3.87,4.00,3.12,2.87,3.37,23.87,23.37,24.37
10/01/2025,6:46:55,1,25.61,3.93,3.87,4.00,3.12,2.87,3.37,24.06,23.62,24.50
10/01/2025,6:47:55,1,25.55,4.00,3.87,4.12,3.12,2.87,3.37,24.00,23.50,24.50
10/01/2025,6:48:55,1,25.55,3.93,3.87,4.00,3.12,2.87,3.37,24.00,23.62,24.37
10/01/2025,6:49:55,1,25.42,4.00,3.87,4.12,3.12,2.87,3.37,23.87,23.37,24.37
10/01/2025,6:50:55,1,25.42,4.00,3.87,4.12,3.12,2.87,3.37,23.87,23.37,24.37
10/01/2025,6:51:55,1,25.48,4.00,3.87,4.12,3.12,2.87,3.37,23.93,23.50,24.37
10/01/2025,6:52:55,1,25.61,4.00,3.87,4.12,3.12,2.87,3.37,24.06,23.62,24.50
10/01/2025,6:53:55,1,25.48,4.00,3.87,4.12,3.12,2.87,3.37,23.93,23.50,24.37
10/01/2025,6:54:55,1,25.67,4.00,3.87,4.12,3.12,2.87,3.37,24.12,23.75,24.50
10/01/2025,6:55:55,1,25.55,4.00,3.87,4.12,3.12,2.87,3.37,24.00,23.50,24.50
10/01/2025,6:56:55,1,25.67,4.00,3.87,4.12,3.12,2.87,3.37,24.12,23.75,24.50
10/01/2025,6:57:55,1,25.61,4.00,3.87,4.12,3.12,2.87,3.37,24.06,23.62,24.50
10/01/2025,6:58:55,1,25.61,4.00,3.87,4.12,3.12,2.87,3.37,24.06,23.62,24.50
10/01/2025,6:59:55,1,25.48,4.00,3.87,4.12,3.12,2.87,3.37,23.93,23.50,24.37
10/01/2025,7:0:55,1,25.61,4.00,3.87,4.12,3.18,3.00,3.37,24.06,23.75,24.37
10/01/2025,7:1:55,1,25.73,4.00,3.87,4.12,3.12,2.87,3.37,24.18,23.87,24.50
10/01/2025,7:2:55,1,25.67,4.06,4.00,4.12,3.18,3.00,3.37,24.12,23.75,24.50
10/01/2025,7:3:55,1,25.67,4.00,3.87,4.12,3.18,3.00,3.37,24.12,23.75,24.50
10/01/2025,7:4:55,1,25.61,4.06,4.00,4.12,3.18,3.00,3.37,24.06,23.62,24.50
10/01/2025,7:5:55,1,25.67,4.06,4.00,4.12,3.12,2.87,3.37,24.12,23.75,24.50
10/01/2025,7:6:55,1,25.61,4.06,4.00,4.12,3.25,3.00,3.50,24.06,23.62,24.50
10/01/2025,7:7:55,1,25.67,4.06,4.00,4.12,3.25,3.00,3.50,24.12,23.75,24.50
10/01/2025,7:8:55,1,25.67,4.12,4.00,4.25,3.25,3.00,3.50,24.12,23.75,24.50
10/01/2025,7:9:55,1,25.73,4.12,4.00,4.25,3.25,3.00,3.50,24.18,23.87,24.50
10/01/2025,7:10:55,1,25.73,4.12,4.00,4.25,3.25,3.00,3.50,24.18,23.75,24.62
10/01/2025,7:11:55,1,25.73,4.12,4.00,4.25,3.25,3.00,3.50,24.18,23.87,24.50
10/01/2025,7:12:55,1,25.80,4.12,4.00,4.25,3.25,3.00,3.50,24.25,23.87,24.62
10/01/2025,7:13:55,1,25.73,4.12,4.00,4.25,3.31,3.12,3.50,24.18,23.75,24.62
10/01/2025,7:14:55,1,25.67,4.12,4.00,4.25,3.31,3.12,3.50,24.12,23.75,24.50
10/01/2025,7:15:55,1,25.86,4.25,4.12,4.37,3.31,3.12,3.50,24.31,24.00,24.62
10/01/2025,7:16:55,1,25.73,4.25,4.12,4.37,3.37,3.12,3.62,24.18,23.75,24.62
10/01/2025,7:17:55,1,25.73,4.25,4.12,4.37,3.37,3.12,3.62,24.18,23.75,24.62
10/01/2025,7:18:55,1,25.80,4.25,4.12,4.37,3.43,3.25,3.62,24.25,23.87,24.62
10/01/2025,7:19:55,1,25.86,4.25,4.12,4.37,3.43,3.25,3.62,24.31,24.00,24.62
10/01/2025,7:20:55,1,25.86,4.37,4.25,4.50,3.50,3.25,3.75,24.31,24.00,24.62
10/01/2025,7:21:55,1,25.80,4.37,4.25,4.50,3.50,3.25,3.75,24.25,23.87,24.62
10/01/2025,7:22:55,1,25.73,4.37,4.25,4.50,3.56,3.37,3.75,24.18,23.87,24.50
10/01/2025,7:23:55,1,25.80,4.37,4.25,4.50,3.56,3.37,3.75,24.25,23.87,24.62
10/01/2025,7:24:55,1,25.73,4.43,4.37,4.50,3.62,3.37,3.87,24.18,23.75,24.62
10/01/2025,7:25:55,1,25.73,4.50,4.37,4.62,3.62,3.37,3.87,24.18,23.75,24.62
10/01/2025,7:26:55,1,25.73,4.50,4.37,4.62,3.62,3.37,3.87,24.18,23.75,24.62
10/01/2025,7:27:55,1,25.80,4.50,4.37,4.62,3.68,3.50,3.87,24.25,23.87,24.62
10/01/2025,7:28:55,1,25.61,4.50,4.37,4.62,3.68,3.50,3.87,24.06,23.62,24.50
10/01/2025,7:29:55,1,25.61,4.50,4.37,4.62,3.75,3.50,4.00,24.06,23.62,24.50
10/01/2025,7:30:55,1,25.61,4.50,4.37,4.62,3.75,3.50,4.00,24.06,23.50,24.62
10/01/2025,7:31:55,1,25.48,4.56,4.50,4.62,3.81,3.62,4.00,23.93,23.37,24.50
10/01/2025,7:32:55,1,25.42,4.62,4.50,4.75,3.81,3.62,4.00,23.87,23.25,24.50
10/01/2025,7:33:55,1,25.23,4.62,4.50,4.75,3.87,3.62,4.12,23.68,23.00,24.37
10/01/2025,7:34:55,1,25.42,4.62,4.50,4.75,3.87,3.62,4.12,23.87,23.37,24.37
10/01/2025,7:35:55,1,25.42,4.62,4.50,4.75,3.87,3.62,4.12,23.87,23.25,24.50
10/01/2025,7:36:55,1,25.55,4.62,4.50,4.75,3.93,3.75,4.12,24.00,23.50,24.50
10/01/2025,7:37:55,1,25.48,4.62,4.50,4.75,3.93,3.75,4.12,23.93,23.37,24.50
10/01/2025,7:38:55,1,25.48,4.62,4.50,4.75,3.93,3.75,4.12,23.93,23.37,24.50
10/01/2025,7:39:55,1,25.48,4.62,4.50,4.75,4.00,3.75,4.25,23.93,23.37,24.50
10/01/2025,7:40:55,1,25.61,4.75,4.62,4.87,4.00,3.75,4.25,24.06,23.62,24.50
10/01/2025,7:41:55,1,25.55,4.75,4.62,4.87,4.00,3.75,4.25,24.00,23.50,24.50
10/01/2025,7:42:55,1,25.48,4.75,4.62,4.87,4.06,3.87,4.25,23.93,23.37,24.50
10/01/2025,7:43:55,1,25.48,4.75,4.62,4.87,4.06,3.87,4.25,23.93,23.37,24.50
10/01/2025,7:44:55,1,25.42,4.75,4.62,4.87,4.12,3.87,4.37,23.87,23.25,24.50
10/01/2025,7:45:55,1,25.36,4.75,4.62,4.87,4.12,3.87,4.37,23.81,23.25,24.37
10/01/2025,7:46:55,1,25.30,4.75,4.62,4.87,4.18,4.00,4.37,23.75,23.12,24.37
10/01/2025,7:49:48,0,25.55,4.75,4.62,4.87,,,,24.00,23.50,24.50
10/01/2025,7:50:47,1,25.61,4.68,4.62,4.75,4.25,4.00,4.50,24.06,23.62,24.50
10/01/2025,7:51:47,1,25.61,4.68,4.62,4.75,4.25,4.00,4.50,24.06,23.62,24.50
10/01/2025,7:52:47,1,25.55,4.75,4.62,4.87,4.25,4.00,4.50,24.00,23.50,24.50
10/01/2025,7:53:47,1,25.48,4.75,4.62,4.87,4.31,4.12,4.50,23.93,23.37,24.50
10/01/2025,7:54:47,1,25.55,4.75,4.62,4.87,4.31,4.12,4.50,24.00,23.50,24.50
10/01/2025,7:55:47,1,25.42,4.75,4.62,4.87,4.31,4.12,4.50,23.87,23.37,24.37
10/01/2025,7:56:47,1,25.61,4.75,4.62,4.87,4.37,4.12,4.62,24.06,23.62,24.50
10/01/2025,7:57:47,1,25.48,4.87,4.75,5.00,4.37,4.12,4.62,23.93,23.37,24.50
10/01/2025,7:58:47,1,25.55,4.81,4.75,4.87,4.37,4.12,4.62,24.00,23.50,24.50
10/01/2025,8:0:48,0,25.36,4.87,4.75,5.00,,,,23.81,23.12,24.50
10/01/2025,8:1:47,1,25.36,4.87,4.75,5.00,4.43,4.25,4.62,23.81,23.25,24.37
10/01/2025,8:2:47,1,25.42,4.87,4.75,5.00,4.43,4.25,4.62,23.87,23.37,24.37
10/01/2025,8:3:47,1,25.36,4.87,4.75,5.00,4.50,4.25,4.75,23.81,23.25,24.37
10/01/2025,8:4:47,1,25.30,4.87,4.75,5.00,4.50,4.25,4.75,23.75,23.12,24.37
10/01/2025,8:5:47,1,25.17,4.87,4.75,5.00,4.50,4.25,4.75,23.62,23.00,24.25
10/01/2025,8:6:47,1,25.30,4.93,4.75,5.12,4.50,4.25,4.75,23.75,23.12,24.37
10/01/2025,8:7:47,1,25.23,5.00,4.87,5.12,4.50,4.25,4.75,23.68,23.00,24.37
10/01/2025,8:8:47,1,25.30,5.00,4.87,5.12,4.56,4.37,4.75,23.75,23.12,24.37
10/01/2025,8:9:47,1,25.36,5.00,4.87,5.12,4.56,4.37,4.75,23.81,23.25,24.37
10/01/2025,8:10:47,1,25.30,5.00,4.87,5.12,4.56,4.37,4.75,23.75,23.12,24.37
10/01/2025,8:11:47,1,25.42,5.00,4.87,5.12,4.62,4.37,4.87,23.87,23.37,24.37
10/01/2025,8:13:46,0,25.42,5.00,4.87,5.12,,,,23.87,23.37,24.37
10/01/2025,8:14:45,1,25.36,5.00,4.87,5.12,4.62,4.37,4.87,23.81,23.25,24.37
10/01/2025,8:15:45,1,25.30,5.00,4.87,5.12,4.68,4.50,4.87,23.75,23.12,24.37
10/01/2025,8:16:45,1,25.36,5.00,4.87,5.12,4.68,4.50,4.87,23.81,23.25,24.37
10/01/2025,8:17:45,1,25.23,5.00,4.87,5.12,4.75,4.50,5.00,23.68,23.12,24.25
10/01/2025,8:18:45,1,25.17,5.12,5.00,5.25,4.75,4.50,5.00,23.62,23.00,24.25
10/01/2025,8:19:45,1,25.23,5.12,5.00,5.25,4.75,4.50,5.00,23.68,23.12,24.25
10/01/2025,8:20:45,1,25.23,5.12,5.00,5.25,4.81,4.62,5.00,23.68,23.12,24.25
10/01/2025,8:21:45,1,25.30,5.12,5.00,5.25,4.81,4.62,5.00,23.75,23.12,24.37
10/01/2025,8:22:45,1,25.36,5.12,5.00,5.25,4.81,4.62,5.00,23.81,23.25,24.37
10/01/2025,8:23:45,1,25.42,5.12,5.00,5.25,4.81,4.62,5.00,23.87,23.37,24.37
10/01/2025,8:24:45,1,25.55,5.12,5.00,5.25,4.87,4.62,5.12,24.00,23.62,24.37
10/01/2025,8:25:45,1,25.55,5.25,5.12,5.37,4.87,4.62,5.12,24.00,23.50,24.50
10/01/2025,8:26:45,1,25.61,5.18,5.12,5.25,4.87,4.62,5.12,24.06,23.50,24.62
10/01/2025,8:27:45,1,25.55,5.25,5.12,5.37,4.87,4.62,5.12,24.00,23.50,24.50
10/01/2025,8:28:45,1,25.61,5.18,5.00,5.37,4.93,4.75,5.12,24.06,23.62,24.50
10/01/2025,8:29:45,1,25.48,5.25,5.12,5.37,5.00,4.75,5.25,23.93,23.37,24.50
10/01/2025,8:30:45,1,25.55,5.25,5.12,5.37,5.00,4.75,5.25,24.00,23.62,24.37
10/01/2025,8:31:45,1,25.67,5.25,5.12,5.37,5.00,4.75,5.25,24.12,23.75,24.50
10/01/2025,8:32:45,1,25.67,5.25,5.12,5.37,5.06,4.87,5.25,24.12,23.75,24.50
10/01/2025,8:33:45,1,25.61,5.25,5.12,5.37,5.00,4.75,5.25,24.06,23.62,24.50
10/01/2025,8:34:45,1,25.80,5.25,5.12,5.37,5.06,4.87,5.25,24.25,23.75,24.75
10/01/2025,8:35:45,1,25.67,5.25,5.12,5.37,5.12,4.87,5.37,24.12,23.62,24.62
10/01/2025,8:36:45,1,25.73,5.37,5.25,5.50,5.12,4.87,5.37,24.18,23.75,24.62
10/01/2025,8:37:45,1,25.73,5.37,5.25,5.50,5.12,4.87,5.37,24.18,23.62,24.75
10/01/2025,8:38:45,1,25.73,5.37,5.25,5.50,5.12,4.87,5.37,24.18,23.75,24.62
10/01/2025,8:39:45,1,25.86,5.37,5.25,5.50,5.18,5.00,5.37,24.31,23.87,24.75
10/01/2025,8:40:45,1,25.73,5.37,5.25,5.50,5.18,5.00,5.37,24.18,23.75,24.62
10/01/2025,8:41:45,1,25.73,5.37,5.25,5.50,5.25,5.00,5.50,24.18,23.75,24.62
10/01/2025,8:42:45,1,25.80,5.37,5.25,5.50,5.25,5.00,5.50,24.25,23.87,24.62
10/01/2025,8:43:45,1,25.92,5.37,5.25,5.50,5.25,5.00,5.50,24.37,24.00,24.75
10/01/2025,8:44:45,1,25.80,5.37,5.25,5.50,5.25,5.00,5.50,24.25,23.87,24.62
10/01/2025,8:45:45,1,25.67,5.37,5.25,5.50,5.25,5.00,5.50,24.12,23.62,24.62
10/01/2025,8:46:45,1,25.73,5.37,5.25,5.50,5.31,5.12,5.50,24.18,23.75,24.62
10/01/2025,8:47:45,1,25.67,5.37,5.25,5.50,5.37,5.12,5.62,24.12,23.75,24.50
10/01/2025,8:48:45,1,25.73,5.43,5.37,5.50,5.37,5.12,5.62,24.18,23.87,24.50
10/01/2025,8:49:45,1,25.73,5.43,5.25,5.62,5.37,5.12,5.62,24.18,23.75,24.62
10/01/2025,8:50:45,1,25.67,5.50,5.37,5.62,5.37,5.12,5.62,24.12,23.75,24.50
10/01/2025,8:51:45,1,25.67,5.50,5.37,5.62,5.37,5.12,5.62,24.12,23.75,24.50
10/01/2025,8:52:45,1,25.73,5.50,5.37,5.62,5.43,5.25,5.62,24.18,23.75,24.62
10/01/2025,8:53:45,1,25.73,5.50,5.37,5.62,5.37,5.12,5.62,24.18,23.75,24.62
10/01/2025,8:54:45,1,25.73,5.50,5.37,5.62,5.43,5.25,5.62,24.18,23.75,24.62
10/01/2025,8:55:45,1,25.67,5.50,5.37,5.62,5.50,5.25,5.75,24.12,23.75,24.50
10/01/2025,8:56:45,1,25.73,5.50,5.37,5.62,5.50,5.25,5.75,24.18,23.87,24.50
10/01/2025,8:57:45,1,25.67,5.50,5.37,5.62,5.50,5.25,5.75,24.12,23.75,24.50
10/01/2025,8:58:45,1,25.73,5.50,5.37,5.62,5.50,5.25,5.75,24.18,23.87,24.50
10/01/2025,8:59:45,1,25.55,5.50,5.37,5.62,5.50,5.25,5.75,24.00,23.50,24.50
10/01/2025,9:0:45,1,25.67,5.50,5.37,5.62,5.50,5.25,5.75,24.12,23.75,24.50
10/01/2025,9:1:45,1,25.67,5.56,5.37,5.75,5.50,5.25,5.75,24.12,23.75,24.50
10/01/2025,9:2:45,1,25.73,5.62,5.50,5.75,5.56,5.37,5.75,24.18,23.75,24.62
10/01/2025,9:3:45,1,25.80,5.62,5.50,5.75,5.62,5.37,5.87,24.25,23.87,24.62
10/01/2025,9:4:45,1,25.61,5.62,5.50,5.75,5.62,5.37,5.87,24.06,23.50,24.62
10/01/2025,9:5:45,1,25.55,5.62,5.50,5.75,5.62,5.37,5.87,24.00,23.50,24.50
10/01/2025,9:6:45,1,25.67,5.62,5.50,5.75,5.62,5.37,5.87,24.12,23.62,24.62
10/01/2025,9:7:45,1,25.73,5.62,5.50,5.75,5.62,5.37,5.87,24.18,23.75,24.62
10/01/2025,9:8:45,1,25.73,5.62,5.50,5.75,5.62,5.37,5.87,24.18,23.75,24.62
10/01/2025,9:9:45,1,25.80,5.62,5.50,5.75,5.68,5.50,5.87,24.25,23.87,24.62
10/01/2025,9:10:45,1,25.73,5.62,5.50,5.75,5.75,5.50,6.00,24.18,23.75,24.62
10/01/2025,9:11:45,1,25.73,5.62,5.50,5.75,5.75,5.50,6.00,24.18,23.75,24.62
10/01/2025,9:12:45,1,25.73,5.62,5.50,5.75,5.75,5.50,6.00,24.18,23.75,24.62
10/01/2025,9:13:45,1,25.73,5.68,5.50,5.87,5.75,5.50,6.00,24.18,23.87,24.50
10/01/2025,9:14:45,1,25.86,5.68,5.50,5.87,5.75,5.50,6.00,24.31,23.87,24.75
10/01/2025,9:15:45,1,25.73,5.62,5.50,5.75,5.75,5.50,6.00,24.18,23.75,24.62
10/01/2025,9:16:45,1,25.73,5.62,5.50,5.75,5.87,5.62,6.12,24.18,23.75,24.62
10/01/2025,9:17:45,1,25.67,5.68,5.50,5.87,5.87,5.62,6.12,24.12,23.75,24.50
10/01/2025,9:18:45,1,25.55,5.75,5.62,5.87,5.87,5.62,6.12,24.00,23.50,24.50
10/01/2025,9:19:45,1,25.67,5.75,5.62,5.87,5.87,5.62,6.12,24.12,23.75,24.50
10/01/2025,9:20:45,1,25.73,5.75,5.62,5.87,5.93,5.75,6.12,24.18,23.87,24.50
10/01/2025,9:21:45,1,25.80,5.75,5.62,5.87,5.93,5.75,6.12,24.25,24.00,24.50
10/01/2025,9:22:45,1,25.80,5.75,5.62,5.87,6.00,5.75,6.25,24.25,23.87,24.62
10/01/2025,9:23:45,1,25.86,5.75,5.62,5.87,6.00,5.75,6.25,24.31,24.00,24.62
10/01/2025,9:24:45,1,25.73,5.75,5.62,5.87,6.00,5.75,6.25,24.18,23.75,24.62
10/01/2025,9:25:45,1,25.73,5.75,5.62,5.87,6.00,5.75,6.25,24.18,23.75,24.62
10/01/2025,9:26:45,1,25.73,5.75,5.62,5.87,6.00,5.75,6.25,24.18,23.87,24.50
10/01/2025,9:27:45,1,25.80,5.75,5.62,5.87,6.06,5.87,6.25,24.25,23.87,24.62
10/01/2025,9:28:45,1,25.73,5.81,5.62,6.00,6.06,5.87,6.25,24.18,23.75,24.62
10/01/2025,9:29:45,1,25.67,5.81,5.62,6.00,6.00,5.75,6.25,24.12,23.75,24.50
10/01/2025,9:30:45,1,25.67,5.81,5.62,6.00,6.00,5.75,6.25,24.12,23.75,24.50
10/01/2025,9:31:45,1,25.73,5.81,5.62,6.00,6.00,5.75,6.25,24.18,23.75,24.62
10/01/2025,9:32:45,1,25.73,5.75,5.62,5.87,6.06,5.75,6.37,24.18,23.75,24.62
10/01/2025,9:33:45,1,25.61,5.81,5.62,6.00,6.12,5.87,6.37,24.06,23.62,24.50
10/01/2025,9:34:45,1,25.67,5.81,5.62,6.00,6.12,5.87,6.37,24.12,23.75,24.50
10/01/2025,9:35:45,1,25.67,5.87,5.75,6.00,6.12,5.87,6.37,24.12,23.75,24.50
10/01/2025,9:36:45,1,25.61,5.87,5.75,6.00,6.12,5.87,6.37,24.06,23.62,24.50
10/01/2025,9:37:45,1,25.73,5.81,5.62,6.00,6.12,5.87,6.37,24.18,23.75,24.62
10/01/2025,9:38:45,1,25.67,5.75,5.62,5.87,6.12,5.87,6.37,24.12,23.75,24.50
10/01/2025,9:39:45,1,25.73,5.75,5.62,5.87,6.12,5.87,6.37,24.18,23.75,24.62
10/01/2025,9:40:45,1,25.67,5.75,5.62,5.87,6.18,6.00,6.37,24.12,23.62,24.62
10/01/2025,9:41:45,1,25.73,5.75,5.62,5.87,6.25,6.00,6.50,24.18,23.75,24.62
10/01/2025,9:42:45,1,25.80,5.75,5.62,5.87,6.25,6.00,6.50,24.25,23.87,24.62
10/01/2025,9:43:45,1,25.73,5.75,5.62,5.87,6.25,6.00,6.50,24.18,23.75,24.62
10/01/2025,9:44:45,1,25.73,5.75,5.62,5.87,6.25,6.00,6.50,24.18,23.87,24.50
10/01/2025,9:45:45,1,25.67,5.68,5.62,5.75,6.31,6.12,6.50,24.12,23.75,24.50
10/01/2025,9:46:45,1,25.67,5.68,5.62,5.75,6.31,6.12,6.50,24.12,23.75,24.50
10/01/2025,9:47:45,1,25.80,5.62,5.50,5.75,6.37,6.12,6.62,24.25,23.87,24.62
10/01/2025,9:48:45,1,25.80,5.62,5.50,5.75,6.37,6.12,6.62,24.25,23.87,24.62
10/01/2025,9:49:45,1,25.67,5.62,5.50,5.75,6.37,6.12,6.62,24.12,23.75,24.50
10/01/2025,9:50:45,1,25.73,5.50,5.37,5.62,6.43,6.25,6.62,24.18,23.75,24.62
10/01/2025,9:51:45,1,25.67,5.50,5.37,5.62,6.50,6.25,6.75,24.12,23.62,24.62
10/01/2025,9:52:45,1,25.73,5.50,5.37,5.62,6.50,6.25,6.75,24.18,23.75,24.62
10/01/2025,9:53:45,1,25.73,5.50,5.37,5.62,6.50,6.25,6.75,24.18,23.75,24.62
10/01/2025,9:54:45,1,25.67,5.50,5.37,5.62,6.50,6.25,6.75,24.12,23.75,24.50
10/01/2025,9:55:45,1,25.80,5.50,5.37,5.62,6.50,6.25,6.75,24.25,23.87,24.62
10/01/2025,9:56:45,1,25.67,5.43,5.37,5.50,6.50,6.25,6.75,24.12,23.75,24.50
10/01/2025,9:57:45,1,25.73,5.37,5.25,5.50,6.50,6.25,6.75,24.18,23.75,24.62
10/01/2025,9:58:45,1,25.67,5.37,5.25,5.50,6.50,6.25,6.75,24.12,23.75,24.50
10/01/2025,9:59:45,1,25.42,5.37,5.25,5.50,6.50,6.25,6.75,23.87,23.37,24.37
10/01/2025,10:1:43,0,25.48,5.25,5.12,5.37,6.50,6.25,6.75,23.93,23.37,24.50
10/01/2025,10:2:42,1,25.55,5.18,5.12,5.25,6.50,6.25,6.75,24.00,23.50,24.50
10/01/2025,10:3:42,1,25.48,5.12,5.00,5.25,6.62,6.37,6.87,23.93,23.37,24.50
10/01/2025,10:4:42,1,25.42,5.12,5.00,5.25,6.75,6.50,7.00,23.87,23.37,24.37
10/01/2025,10:5:42,1,25.48,5.12,5.00,5.25,6.87,6.62,7.12,23.93,23.37,24.50
10/01/2025,10:6:42,1,25.42,5.12,5.00,5.25,7.12,6.87,7.37,23.87,23.25,24.50
10/01/2025,10:7:42,1,25.67,5.12,5.00,5.25,7.31,7.00,7.62,24.12,23.62,24.62
10/01/2025,10:8:42,1,25.61,5.12,5.00,5.25,7.43,7.12,7.75,24.06,23.50,24.62
10/01/2025,10:9:42,1,25.67,5.12,5.00,5.25,7.62,7.25,8.00,24.12,23.75,24.50
10/01/2025,10:10:42,1,25.67,5.12,5.00,5.25,7.87,7.50,8.25,24.12,23.75,24.50
10/01/2025,10:11:42,1,25.73,5.12,5.00,5.25,8.25,7.87,8.62,24.18,23.75,24.62
10/01/2025,10:12:42,1,25.67,5.12,5.00,5.25,8.50,8.12,8.87,24.12,23.62,24.62
10/01/2025,10:13:42,1,25.80,5.12,5.00,5.25,8.81,8.37,9.25,24.25,23.87,24.62
10/01/2025,10:14:42,1,25.67,5.18,5.00,5.37,8.93,8.50,9.37,24.12,23.75,24.50
10/01/2025,10:15:42,1,25.67,5.12,5.00,5.25,9.18,8.75,9.62,24.12,23.62,24.62
10/01/2025,10:16:42,1,25.48,5.25,5.12,5.37,9.31,8.87,9.75,23.93,23.50,24.37
10/01/2025,10:17:42,1,25.61,5.25,5.12,5.37,9.50,9.00,10.00,24.06,23.62,24.50
10/01/2025,10:18:42,1,25.55,5.25,5.12,5.37,9.62,9.12,10.12,24.00,23.62,24.37
10/01/2025,10:19:42,1,25.61,5.25,5.12,5.37,9.81,9.37,10.25,24.06,23.62,24.50
10/01/2025,10:20:42,1,25.61,5.25,5.12,5.37,10.06,9.62,10.50,24.06,23.62,24.50
10/01/2025,10:21:42,1,25.55,5.25,5.12,5.37,10.37,10.00,10.75,24.00,23.62,24.37
10/01/2025,10:22:42,1,25.67,5.25,5.12,5.37,10.62,10.25,11.00,24.12,23.62,24.62
10/01/2025,10:23:42,1,25.61,5.25,5.12,5.37,11.00,10.75,11.25,24.06,23.50,24.62
10/01/2025,10:24:42,1,25.48,5.25,5.12,5.37,11.37,11.12,11.62,23.93,23.37,24.50
10/01/2025,10:25:42,1,25.48,5.25,5.12,5.37,11.68,11.50,11.87,23.93,23.50,24.37
10/01/2025,10:26:42,1,25.61,5.25,5.12,5.37,12.00,11.75,12.25,24.06,23.62,24.50
10/01/2025,10:27:42,1,25.80,5.25,5.12,5.37,12.31,12.12,12.50,24.25,23.87,24.62
10/01/2025,10:28:42,1,25.80,5.25,5.12,5.37,12.75,12.62,12.87,24.25,23.87,24.62
10/01/2025,10:29:42,1,25.86,5.31,5.12,5.50,13.12,13.00,13.25,24.31,24.00,24.62
10/01/2025,10:30:42,1,25.86,5.25,5.12,5.37,13.50,13.37,13.62,24.31,23.87,24.75
10/01/2025,10:31:42,1,25.80,5.31,5.12,5.50,13.81,13.75,13.87,24.25,23.87,24.62
10/01/2025,10:32:42,1,25.86,5.25,5.12,5.37,14.18,14.12,14.25,24.31,24.00,24.62
10/01/2025,10:33:42,1,25.98,5.31,5.12,5.50,14.43,14.37,14.50,24.43,24.00,24.87
10/01/2025,10:34:42,1,25.92,5.37,5.25,5.50,14.75,14.62,14.87,24.37,24.00,24.75
10/01/2025,10:35:42,1,25.92,5.37,5.25,5.50,15.00,14.87,15.12,24.37,24.00,24.75
10/01/2025,10:36:42,1,25.98,5.37,5.25,5.50,15.25,15.12,15.37,24.43,24.12,24.75
10/01/2025,10:37:42,1,25.92,5.37,5.25,5.50,15.50,15.37,15.62,24.37,24.00,24.75
10/01/2025,10:38:42,1,25.98,5.37,5.25,5.50,15.75,15.62,15.87,24.43,24.12,24.75
10/01/2025,10:39:42,1,25.98,5.37,5.25,5.50,15.93,15.75,16.12,24.43,24.12,24.75
10/01/2025,10:40:42,1,26.11,5.37,5.25,5.50,16.18,16.00,16.37,24.56,24.25,24.87
10/01/2025,10:41:42,1,26.11,5.43,5.25,5.62,16.43,16.25,16.62,24.56,24.25,24.87
10/01/2025,10:42:42,1,26.11,5.43,5.25,5.62,16.68,16.50,16.87,24.56,24.25,24.87
10/01/2025,10:43:42,1,26.05,5.50,5.37,5.62,16.87,16.75,17.00,24.50,24.12,24.87
10/01/2025,10:44:42,1,26.11,5.56,5.37,5.75,17.06,16.87,17.25,24.56,24.25,24.87
10/01/2025,10:45:42,1,26.11,5.62,5.50,5.75,17.31,17.12,17.50,24.56,24.25,24.87
10/01/2025,10:46:42,1,26.11,5.68,5.50,5.87,17.56,17.37,17.75,24.56,24.25,24.87
10/01/2025,10:47:42,1,26.11,5.75,5.62,5.87,17.81,17.62,18.00,24.56,24.25,24.87
10/01/2025,10:48:42,1,26.17,5.81,5.62,6.00,17.87,17.62,18.12,24.62,24.37,24.87
10/01/2025,10:49:42,1,26.11,5.93,5.75,6.12,18.00,17.75,18.25,24.56,24.25,24.87
10/01/2025,10:50:42,1,26.23,5.93,5.75,6.12,18.12,17.87,18.37,24.68,24.37,25.00
10/01/2025,10:51:42,1,26.23,6.06,5.87,6.25,18.25,18.00,18.50,24.68,24.37,25.00
10/01/2025,10:52:42,1,26.30,6.12,6.00,6.25,18.43,18.12,18.75,24.75,24.50,25.00
10/01/2025,10:53:42,1,26.17,6.18,6.00,6.37,18.56,18.25,18.87,24.62,24.37,24.87
10/01/2025,10:54:42,1,26.17,6.18,6.00,6.37,18.68,18.37,19.00,24.62,24.37,24.87
10/01/2025,10:55:42,1,26.17,6.31,6.12,6.50,18.62,18.25,19.00,24.62,24.37,24.87
10/01/2025,10:56:42,1,26.23,6.31,6.12,6.50,18.62,18.25,19.00,24.68,24.37,25.00
10/01/2025,10:57:42,1,26.23,6.37,6.25,6.50,18.43,18.00,18.87,24.68,24.37,25.00
10/01/2025,10:58:42,1,26.17,6.43,6.25,6.62,18.25,17.87,18.62,24.62,24.25,25.00
10/01/2025,10:59:42,1,26.23,6.43,6.25,6.62,18.06,17.62,18.50,24.68,24.37,25.00
10/01/2025,11:0:42,1,26.30,6.43,6.25,6.62,17.81,17.37,18.25,24.75,24.37,25.12
10/01/2025,11:1:42,1,26.23,6.50,6.37,6.62,17.56,17.12,18.00,24.68,24.37,25.00
10/01/2025,11:2:42,1,26.30,6.56,6.37,6.75,17.31,16.87,17.75,24.75,24.37,25.12
10/01/2025,11:3:42,1,26.30,6.56,6.37,6.75,17.06,16.62,17.50,24.75,24.37,25.12
10/01/2025,11:4:42,1,26.30,6.56,6.37,6.75,16.68,16.25,17.12,24.75,24.50,25.00
10/01/2025,11:5:42,1,26.36,6.56,6.37,6.75,16.43,16.00,16.87,24.81,24.50,25.12
10/01/2025,11:6:42,1,26.30,6.56,6.37,6.75,16.12,15.62,16.62,24.75,24.37,25.12
10/01/2025,11:7:42,1,26.30,6.50,6.37,6.62,15.87,15.37,16.37,24.75,24.50,25.00
10/01/2025,11:8:42,1,26.36,6.50,6.37,6.62,15.62,15.12,16.12,24.81,24.50,25.12
10/01/2025,11:9:42,1,26.36,6.50,6.37,6.62,15.37,14.87,15.87,24.81,24.50,25.12
10/01/2025,11:10:42,1,26.30,6.50,6.37,6.62,15.12,14.62,15.62,24.75,24.50,25.00
10/01/2025,11:11:42,1,26.36,6.56,6.37,6.75,14.87,14.37,15.37,24.81,24.50,25.12
10/01/2025,11:12:42,1,26.23,6.50,6.37,6.62,14.62,14.12,15.12,24.68,24.37,25.00
10/01/2025,11:13:42,1,26.36,6.56,6.37,6.75,14.43,14.00,14.87,24.81,24.50,25.12
10/01/2025,11:14:42,1,26.30,6.56,6.37,6.75,14.25,13.75,14.75,24.75,24.50,25.00
10/01/2025,11:15:42,1,26.30,6.56,6.37,6.75,14.06,13.62,14.50,24.75,24.50,25.00
10/01/2025,11:16:42,1,26.30,6.50,6.37,6.62,13.87,13.37,14.37,24.75,24.50,25.00
10/01/2025,11:17:42,1,26.30,6.50,6.37,6.62,13.75,13.25,14.25,24.75,24.50,25.00
10/01/2025,11:18:42,1,26.36,6.50,6.37,6.62,13.56,13.12,14.00,24.81,24.50,25.12
10/01/2025,11:19:42,1,26.30,6.56,6.37,6.75,13.37,12.87,13.87,24.75,24.50,25.00
10/01/2025,11:20:42,1,26.30,6.56,6.37,6.75,13.25,12.75,13.75,24.75,24.50,25.00
10/01/2025,11:21:42,1,26.36,6.56,6.37,6.75,13.06,12.62,13.50,24.81,24.50,25.12
10/01/2025,11:22:42,1,26.23,6.56,6.37,6.75,12.93,12.50,13.37,24.68,24.37,25.00
10/01/2025,11:23:42,1,26.36,6.50,6.37,6.62,12.75,12.25,13.25,24.81,24.50,25.12
10/01/2025,11:24:42,1,26.30,6.50,6.37,6.62,12.62,12.12,13.12,24.75,24.37,25.12
10/01/2025,11:25:42,1,26.30,6.50,6.37,6.62,12.43,12.00,12.87,24.75,24.50,25.00
10/01/2025,11:26:42,1,26.23,6.50,6.37,6.62,12.25,11.75,12.75,24.68,24.37,25.00
10/01/2025,11:27:42,1,26.23,6.50,6.37,6.62,12.12,11.62,12.62,24.68,24.37,25.00
10/01/2025,11:28:42,1,26.23,6.43,6.25,6.62,11.93,11.50,12.37,24.68,24.37,25.00
10/01/2025,11:29:42,1,26.23,6.43,6.37,6.50,11.81,11.37,12.25,24.68,24.37,25.00
10/01/2025,11:30:42,1,26.36,6.37,6.25,6.50,11.68,11.25,12.12,24.81,24.50,25.12
10/01/2025,11:31:42,1,26.23,6.37,6.25,6.50,11.50,11.00,12.00,24.68,24.37,25.00
10/01/2025,11:32:42,1,26.23,6.37,6.25,6.50,11.37,10.87,11.87,24.68,24.37,25.00
10/01/2025,11:33:42,1,26.36,6.37,6.25,6.50,11.25,10.75,11.75,24.81,24.50,25.12
10/01/2025,11:34:42,1,26.30,6.37,6.25,6.50,11.18,10.75,11.62,24.75,24.50,25.00
10/01/2025,11:35:42,1,26.30,6.37,6.25,6.50,11.06,10.62,11.50,24.75,24.50,25.00
10/01/2025,11:36:42,1,26.30,6.37,6.25,6.50,10.93,10.50,11.37,24.75,24.50,25.00
10/01/2025,11:37:42,1,26.30,6.37,6.25,6.50,10.81,10.37,11.25,24.75,24.50,25.00
10/01/2025,11:38:42,1,26.36,6.37,6.25,6.50,10.68,10.25,11.12,24.81,24.50,25.12
10/01/2025,11:39:42,1,26.36,6.37,6.25,6.50,10.56,10.12,11.00,24.81,24.50,25.12
10/01/2025,11:40:42,1,26.36,6.37,6.25,6.50,10.43,10.00,10.87,24.81,24.50,25.12
10/01/2025,11:41:42,1,26.36,6.31,6.12,6.50,10.37,10.00,10.75,24.81,24.50,25.12
10/01/2025,11:42:42,1,26.36,6.31,6.12,6.50,10.31,9.87,10.75,24.81,24.50,25.12
10/01/2025,11:43:42,1,26.36,6.31,6.12,6.50,10.18,9.75,10.62,24.81,24.50,25.12
10/01/2025,11:44:42,1,26.36,6.25,6.12,6.37,10.06,9.62,10.50,24.81,24.50,25.12
10/01/2025,11:45:42,1,26.36,6.25,6.12,6.37,10.00,9.62,10.37,24.81,24.50,25.12
10/01/2025,11:46:42,1,26.36,6.25,6.12,6.37,9.87,9.50,10.25,24.81,24.50,25.12
10/01/2025,11:47:42,1,26.36,6.25,6.12,6.37,9.81,9.37,10.25,24.81,24.50,25.12
10/01/2025,11:48:42,1,26.36,6.25,6.12,6.37,9.68,9.25,10.12,24.81,24.50,25.12
10/01/2025,11:49:42,1,26.42,6.25,6.12,6.37,9.62,9.25,10.00,24.87,24.62,25.12
10/01/2025,11:50:42,1,26.36,6.25,6.12,6.37,9.56,9.12,10.00,24.81,24.62,25.00
10/01/2025,11:51:42,1,26.42,6.25,6.12,6.37,9.50,9.12,9.87,24.87,24.62,25.12
10/01/2025,11:52:42,1,26.36,6.25,6.12,6.37,9.37,9.00,9.75,24.81,24.50,25.12
10/01/2025,11:53:42,1,26.23,6.25,6.12,6.37,9.31,8.87,9.75,24.68,24.37,25.00
10/01/2025,11:54:42,1,26.30,6.12,6.00,6.25,9.25,8.87,9.62,24.75,24.50,25.00
10/01/2025,11:55:42,1,26.36,6.12,6.00,6.25,9.12,8.75,9.50,24.81,24.50,25.12
10/01/2025,11:56:42,1,26.36,6.12,6.00,6.25,9.12,8.75,9.50,24.81,24.50,25.12
10/01/2025,11:57:42,1,26.36,6.12,6.00,6.25,9.00,8.62,9.37,24.81,24.50,25.12
10/01/2025,11:58:42,1,26.23,6.12,6.00,6.25,8.93,8.50,9.37,24.68,24.37,25.00
10/01/2025,11:59:42,1,26.17,6.12,6.00,6.25,8.87,8.50,9.25,24.62,24.25,25.00
10/01/2025,12:0:42,1,26.30,6.12,6.00,6.25,8.81,8.37,9.25,24.75,24.50,25.00
10/01/2025,12:1:42,1,26.23,6.12,6.00,6.25,8.75,8.37,9.12,24.68,24.37,25.00
10/01/2025,12:2:42,1,26.36,6.12,6.00,6.25,8.75,8.37,9.12,24.81,24.50,25.12
10/01/2025,12:3:42,1,26.30,6.12,6.00,6.25,8.62,8.25,9.00,24.75,24.37,25.12
10/01/2025,12:4:42,1,26.30,6.12,6.00,6.25,8.56,8.25,8.87,24.75,24.37,25.12
10/01/2025,12:5:42,1,26.23,6.12,6.00,6.25,8.50,8.12,8.87,24.68,24.25,25.12
10/01/2025,12:6:42,1,26.30,6.12,6.00,6.25,8.50,8.12,8.87,24.75,24.37,25.12
10/01/2025,12:7:42,1,26.23,6.12,6.00,6.25,8.37,8.00,8.75,24.68,24.37,25.00
10/01/2025,12:8:42,1,26.36,6.12,6.00,6.25,8.37,8.00,8.75,24.81,24.50,25.12
10/01/2025,12:9:42,1,26.23,6.12,6.00,6.25,8.31,8.00,8.62,24.68,24.37,25.00
10/01/2025,12:10:42,1,26.11,6.12,6.00,6.25,8.25,7.87,8.62,24.56,24.12,25.00
10/01/2025,12:11:42,1,26.23,6.12,6.00,6.25,8.25,7.87,8.62,24.68,24.25,25.12
10/01/2025,12:12:42,1,26.30,6.06,6.00,6.12,8.12,7.75,8.50,24.75,24.37,25.12
10/01/2025,12:13:42,1,26.36,6.00,5.87,6.12,8.12,7.75,8.50,24.81,24.50,25.12
10/01/2025,12:14:42,1,26.36,6.06,5.87,6.25,8.06,7.75,8.37,24.81,24.50,25.12
10/01/2025,12:15:42,1,26.36,6.06,5.87,6.25,8.00,7.62,8.37,24.81,24.50,25.12
10/01/2025,12:16:42,1,26.36,6.00,5.87,6.12,8.00,7.62,8.37,24.81,24.50,25.12
10/01/2025,12:17:42,1,26.36,6.00,5.87,6.12,7.93,7.62,8.25,24.81,24.50,25.12
10/01/2025,12:18:42,1,26.36,6.00,5.87,6.12,7.87,7.50,8.25,24.81,24.50,25.12
10/01/2025,12:19:42,1,26.48,6.00,5.87,6.12,7.87,7.50,8.25,24.93,24.62,25.25
10/01/2025,12:20:42,1,26.42,6.00,5.87,6.12,7.81,7.50,8.12,24.87,24.62,25.12
10/01/2025,12:21:42,1,26.42,6.00,5.87,6.12,7.75,7.37,8.12,24.87,24.62,25.12
10/01/2025,12:22:42,1,26.36,6.00,5.87,6.12,7.75,7.37,8.12,24.81,24.50,25.12
10/01/2025,12:23:42,1,26.36,6.00,5.87,6.12,7.68,7.37,8.00,24.81,24.50,25.12
10/01/2025,12:24:42,1,26.36,6.00,5.87,6.12,7.68,7.37,8.00,24.81,24.50,25.12
10/01/2025,12:25:42,1,26.36,6.00,5.87,6.12,7.62,7.25,8.00,24.81,24.50,25.12
10/01/2025,12:26:42,1,26.36,6.00,5.87,6.12,7.62,7.25,8.00,24.81,24.50,25.12
10/01/2025,12:27:42,1,26.36,6.00,5.87,6.12,7.56,7.25,7.87,24.81,24.50,25.12
10/01/2025,12:28:42,1,26.36,6.00,5.87,6.12,7.56,7.25,7.87,24.81,24.50,25.12
10/01/2025,12:29:42,1,26.42,6.00,5.87,6.12,7.56,7.25,7.87,24.87,24.62,25.12
10/01/2025,12:30:42,1,26.36,6.00,5.87,6.12,7.56,7.25,7.87,24.81,24.50,25.12
10/01/2025,12:31:42,1,26.36,6.00,5.87,6.12,7.43,7.12,7.75,24.81,24.50,25.12
10/01/2025,12:32:42,1,26.36,6.00,5.87,6.12,7.43,7.12,7.75,24.81,24.50,25.12
10/01/2025,12:33:42,1,26.30,6.00,5.87,6.12,7.43,7.12,7.75,24.75,24.50,25.00
10/01/2025,12:34:42,1,26.48,6.00,5.87,6.12,7.43,7.12,7.75,24.93,24.62,25.25
10/01/2025,12:35:42,1,26.42,6.00,5.87,6.12,7.43,7.12,7.75,24.87,24.50,25.25
10/01/2025,12:36:42,1,26.36,6.00,5.87,6.12,7.37,7.00,7.75,24.81,24.50,25.12
10/01/2025,12:37:42,1,26.30,6.00,5.87,6.12,7.31,7.00,7.62,24.75,24.37,25.12
10/01/2025,12:38:42,1,26.36,6.00,5.87,6.12,7.31,7.00,7.62,24.81,24.50,25.12
10/01/2025,12:39:42,1,26.36,6.00,5.87,6.12,7.31,7.00,7.62,24.81,24.50,25.12
10/01/2025,12:40:42,1,26.23,6.00,5.87,6.12,7.31,7.00,7.62,24.68,24.37,25.00
10/01/2025,12:41:42,1,26.36,5.93,5.75,6.12,7.31,7.00,7.62,24.81,24.50,25.12
10/01/2025,12:42:42,1,26.48,5.93,5.87,6.00,7.31,7.00,7.62,24.93,24.62,25.25
10/01/2025,12:43:42,1,26.42,5.93,5.75,6.12,7.25,6.87,7.62,24.87,24.50,25.25
10/01/2025,12:44:42,1,26.42,5.93,5.75,6.12,7.18,6.87,7.50,24.87,24.62,25.12
10/01/2025,12:45:42,1,26.42,5.93,5.75,6.12,7.18,6.87,7.50,24.87,24.62,25.12
10/01/2025,12:46:42,1,26.42,6.00,5.87,6.12,7.18,6.87,7.50,24.87,24.62,25.12
10/01/2025,12:47:42,1,26.36,6.00,5.87,6.12,7.18,6.87,7.50,24.81,24.50,25.12
10/01/2025,12:48:42,1,26.36,5.93,5.75,6.12,7.18,6.87,7.50,24.81,24.50,25.12
10/01/2025,12:49:42,1,26.42,6.00,5.87,6.12,7.18,6.87,7.50,24.87,24.62,25.12
10/01/2025,12:50:42,1,26.42,5.93,5.75,6.12,7.06,6.75,7.37,24.87,24.50,25.25
10/01/2025,12:51:42,1,26.36,5.93,5.75,6.12,7.06,6.75,7.37,24.81,24.50,25.12
10/01/2025,12:52:42,1,26.36,5.87,5.75,6.00,7.06,6.75,7.37,24.81,24.37,25.25
10/01/2025,12:53:42,1,26.36,5.93,5.87,6.00,7.06,6.75,7.37,24.81,24.50,25.12
10/01/2025,12:54:42,1,26.30,5.87,5.75,6.00,7.06,6.75,7.37,24.75,24.50,25.00
10/01/2025,12:55:42,1,26.36,5.87,5.75,6.00,7.06,6.75,7.37,24.81,24.62,25.00
10/01/2025,12:56:42,1,26.42,5.87,5.75,6.00,7.06,6.75,7.37,24.87,24.62,25.12
10/01/2025,12:57:42,1,26.42,5.87,5.75,6.00,7.06,6.75,7.37,24.87,24.62,25.12
10/01/2025,12:58:42,1,26.48,5.87,5.75,6.00,7.06,6.75,7.37,24.93,24.62,25.25
10/01/2025,12:59:42,1,26.42,5.93,5.75,6.12,7.06,6.75,7.37,24.87,24.62,25.12
10/01/2025,13:0:42,1,26.42,5.93,5.75,6.12,7.06,6.75,7.37,24.87,24.62,25.12
10/01/2025,13:1:42,1,26.42,6.00,5.87,6.12,7.06,6.75,7.37,24.87,24.62,25.12
10/01/2025,13:2:42,1,26.36,6.00,5.87,6.12,7.06,6.75,7.37,24.81,24.50,25.12
10/01/2025,13:3:42,1,26.30,6.00,5.87,6.12,7.06,6.75,7.37,24.75,24.50,25.00
10/01/2025,13:4:42,1,26.30,6.00,5.87,6.12,7.06,6.75,7.37,24.75,24.50,25.00
10/01/2025,13:5:42,1,26.36,6.00,5.87,6.12,7.06,6.75,7.37,24.81,24.50,25.12
10/01/2025,13:6:42,1,26.42,6.00,5.87,6.12,7.06,6.75,7.37,24.87,24.50,25.25
10/01/2025,13:7:42,1,26.36,6.00,5.87,6.12,7.00,6.75,7.25,24.81,24.50,25.12
10/01/2025,13:8:42,1,26.30,6.00,5.87,6.12,7.00,6.75,7.25,24.75,24.37,25.12
10/01/2025,13:9:42,1,26.23,6.00,5.87,6.12,7.06,6.75,7.37,24.68,24.25,25.12
10/01/2025,13:10:42,1,26.30,6.00,5.87,6.12,6.93,6.62,7.25,24.75,24.37,25.12
10/01/2025,13:11:42,1,26.36,6.00,5.87,6.12,7.00,6.75,7.25,24.81,24.50,25.12
